date,mortgage_rate,unemployment_rate
2019-01-01,4.51,4.0
2019-01-02,4.51,4.0
2019-01-03,4.51,4.0
2019-01-04,4.51,4.0
2019-01-05,4.51,4.0
2019-01-06,4.51,4.0
2019-01-07,4.51,4.0
2019-01-08,4.51,4.0
2019-01-09,4.51,4.0
2019-01-10,4.45,4.0
2019-01-11,4.45,4.0
2019-01-12,4.45,4.0
2019-01-13,4.45,4.0
2019-01-14,4.45,4.0
2019-01-15,4.45,4.0
2019-01-16,4.45,4.0
2019-01-17,4.45,4.0
2019-01-18,4.45,4.0
2019-01-19,4.45,4.0
2019-01-20,4.45,4.0
2019-01-21,4.45,4.0
2019-01-22,4.45,4.0
2019-01-23,4.45,4.0
2019-01-24,4.45,4.0
2019-01-25,4.45,4.0
2019-01-26,4.45,4.0
2019-01-27,4.45,4.0
2019-01-28,4.45,4.0
2019-01-29,4.45,4.0
2019-01-30,4.45,4.0
2019-01-31,4.46,4.0
2019-02-01,4.46,3.8
2019-02-02,4.46,3.8
2019-02-03,4.46,3.8
2019-02-04,4.46,3.8
2019-02-05,4.46,3.8
2019-02-06,4.46,3.8
2019-02-07,4.41,3.8
2019-02-08,4.41,3.8
2019-02-09,4.41,3.8
2019-02-10,4.41,3.8
2019-02-11,4.41,3.8
2019-02-12,4.41,3.8
2019-02-13,4.41,3.8
2019-02-14,4.37,3.8
2019-02-15,4.37,3.8
2019-02-16,4.37,3.8
2019-02-17,4.37,3.8
2019-02-18,4.37,3.8
2019-02-19,4.37,3.8
2019-02-20,4.37,3.8
2019-02-21,4.35,3.8
2019-02-22,4.35,3.8
2019-02-23,4.35,3.8
2019-02-24,4.35,3.8
2019-02-25,4.35,3.8
2019-02-26,4.35,3.8
2019-02-27,4.35,3.8
2019-02-28,4.35,3.8
2019-03-01,4.35,3.8
2019-03-02,4.35,3.8
2019-03-03,4.35,3.8
2019-03-04,4.35,3.8
2019-03-05,4.35,3.8
2019-03-06,4.35,3.8
2019-03-07,4.41,3.8
2019-03-08,4.41,3.8
2019-03-09,4.41,3.8
2019-03-10,4.41,3.8
2019-03-11,4.41,3.8
2019-03-12,4.41,3.8
2019-03-13,4.41,3.8
2019-03-14,4.31,3.8
2019-03-15,4.31,3.8
2019-03-16,4.31,3.8
2019-03-17,4.31,3.8
2019-03-18,4.31,3.8
2019-03-19,4.31,3.8
2019-03-20,4.31,3.8
2019-03-21,4.28,3.8
2019-03-22,4.28,3.8
2019-03-23,4.28,3.8
2019-03-24,4.28,3.8
2019-03-25,4.28,3.8
2019-03-26,4.28,3.8
2019-03-27,4.28,3.8
2019-03-28,4.06,3.8
2019-03-29,4.06,3.8
2019-03-30,4.06,3.8
2019-03-31,4.06,3.8
2019-04-01,4.06,3.7
2019-04-02,4.06,3.7
2019-04-03,4.06,3.7
2019-04-04,4.08,3.7
2019-04-05,4.08,3.7
2019-04-06,4.08,3.7
2019-04-07,4.08,3.7
2019-04-08,4.08,3.7
2019-04-09,4.08,3.7
2019-04-10,4.08,3.7
2019-04-11,4.12,3.7
2019-04-12,4.12,3.7
2019-04-13,4.12,3.7
2019-04-14,4.12,3.7
2019-04-15,4.12,3.7
2019-04-16,4.12,3.7
2019-04-17,4.12,3.7
2019-04-18,4.17,3.7
2019-04-19,4.17,3.7
2019-04-20,4.17,3.7
2019-04-21,4.17,3.7
2019-04-22,4.17,3.7
2019-04-23,4.17,3.7
2019-04-24,4.17,3.7
2019-04-25,4.2,3.7
2019-04-26,4.2,3.7
2019-04-27,4.2,3.7
2019-04-28,4.2,3.7
2019-04-29,4.2,3.7
2019-04-30,4.2,3.7
2019-05-01,4.2,3.6
2019-05-02,4.14,3.6
2019-05-03,4.14,3.6
2019-05-04,4.14,3.6
2019-05-05,4.14,3.6
2019-05-06,4.14,3.6
2019-05-07,4.14,3.6
2019-05-08,4.14,3.6
2019-05-09,4.1,3.6
2019-05-10,4.1,3.6
2019-05-11,4.1,3.6
2019-05-12,4.1,3.6
2019-05-13,4.1,3.6
2019-05-14,4.1,3.6
2019-05-15,4.1,3.6
2019-05-16,4.07,3.6
2019-05-17,4.07,3.6
2019-05-18,4.07,3.6
2019-05-19,4.07,3.6
2019-05-20,4.07,3.6
2019-05-21,4.07,3.6
2019-05-22,4.07,3.6
2019-05-23,4.06,3.6
2019-05-24,4.06,3.6
2019-05-25,4.06,3.6
2019-05-26,4.06,3.6
2019-05-27,4.06,3.6
2019-05-28,4.06,3.6
2019-05-29,4.06,3.6
2019-05-30,3.99,3.6
2019-05-31,3.99,3.6
2019-06-01,3.99,3.6
2019-06-02,3.99,3.6
2019-06-03,3.99,3.6
2019-06-04,3.99,3.6
2019-06-05,3.99,3.6
2019-06-06,3.82,3.6
2019-06-07,3.82,3.6
2019-06-08,3.82,3.6
2019-06-09,3.82,3.6
2019-06-10,3.82,3.6
2019-06-11,3.82,3.6
2019-06-12,3.82,3.6
2019-06-13,3.82,3.6
2019-06-14,3.82,3.6
2019-06-15,3.82,3.6
2019-06-16,3.82,3.6
2019-06-17,3.82,3.6
2019-06-18,3.82,3.6
2019-06-19,3.82,3.6
2019-06-20,3.84,3.6
2019-06-21,3.84,3.6
2019-06-22,3.84,3.6
2019-06-23,3.84,3.6
2019-06-24,3.84,3.6
2019-06-25,3.84,3.6
2019-06-26,3.84,3.6
2019-06-27,3.73,3.6
2019-06-28,3.73,3.6
2019-06-29,3.73,3.6
2019-06-30,3.73,3.6
2019-07-01,3.73,3.7
2019-07-02,3.73,3.7
2019-07-03,3.75,3.7
2019-07-04,3.75,3.7
2019-07-05,3.75,3.7
2019-07-06,3.75,3.7
2019-07-07,3.75,3.7
2019-07-08,3.75,3.7
2019-07-09,3.75,3.7
2019-07-10,3.75,3.7
2019-07-11,3.75,3.7
2019-07-12,3.75,3.7
2019-07-13,3.75,3.7
2019-07-14,3.75,3.7
2019-07-15,3.75,3.7
2019-07-16,3.75,3.7
2019-07-17,3.75,3.7
2019-07-18,3.81,3.7
2019-07-19,3.81,3.7
2019-07-20,3.81,3.7
2019-07-21,3.81,3.7
2019-07-22,3.81,3.7
2019-07-23,3.81,3.7
2019-07-24,3.81,3.7
2019-07-25,3.75,3.7
2019-07-26,3.75,3.7
2019-07-27,3.75,3.7
2019-07-28,3.75,3.7
2019-07-29,3.75,3.7
2019-07-30,3.75,3.7
2019-07-31,3.75,3.7
2019-08-01,3.75,3.6
2019-08-02,3.75,3.6
2019-08-03,3.75,3.6
2019-08-04,3.75,3.6
2019-08-05,3.75,3.6
2019-08-06,3.75,3.6
2019-08-07,3.75,3.6
2019-08-08,3.6,3.6
2019-08-09,3.6,3.6
2019-08-10,3.6,3.6
2019-08-11,3.6,3.6
2019-08-12,3.6,3.6
2019-08-13,3.6,3.6
2019-08-14,3.6,3.6
2019-08-15,3.6,3.6
2019-08-16,3.6,3.6
2019-08-17,3.6,3.6
2019-08-18,3.6,3.6
2019-08-19,3.6,3.6
2019-08-20,3.6,3.6
2019-08-21,3.6,3.6
2019-08-22,3.55,3.6
2019-08-23,3.55,3.6
2019-08-24,3.55,3.6
2019-08-25,3.55,3.6
2019-08-26,3.55,3.6
2019-08-27,3.55,3.6
2019-08-28,3.55,3.6
2019-08-29,3.58,3.6
2019-08-30,3.58,3.6
2019-08-31,3.58,3.6
2019-09-01,3.58,3.5
2019-09-02,3.58,3.5
2019-09-03,3.58,3.5
2019-09-04,3.58,3.5
2019-09-05,3.49,3.5
2019-09-06,3.49,3.5
2019-09-07,3.49,3.5
2019-09-08,3.49,3.5
2019-09-09,3.49,3.5
2019-09-10,3.49,3.5
2019-09-11,3.49,3.5
2019-09-12,3.56,3.5
2019-09-13,3.56,3.5
2019-09-14,3.56,3.5
2019-09-15,3.56,3.5
2019-09-16,3.56,3.5
2019-09-17,3.56,3.5
2019-09-18,3.56,3.5
2019-09-19,3.73,3.5
2019-09-20,3.73,3.5
2019-09-21,3.73,3.5
2019-09-22,3.73,3.5
2019-09-23,3.73,3.5
2019-09-24,3.73,3.5
2019-09-25,3.73,3.5
2019-09-26,3.64,3.5
2019-09-27,3.64,3.5
2019-09-28,3.64,3.5
2019-09-29,3.64,3.5
2019-09-30,3.64,3.5
2019-10-01,3.64,3.6
2019-10-02,3.64,3.6
2019-10-03,3.65,3.6
2019-10-04,3.65,3.6
2019-10-05,3.65,3.6
2019-10-06,3.65,3.6
2019-10-07,3.65,3.6
2019-10-08,3.65,3.6
2019-10-09,3.65,3.6
2019-10-10,3.57,3.6
2019-10-11,3.57,3.6
2019-10-12,3.57,3.6
2019-10-13,3.57,3.6
2019-10-14,3.57,3.6
2019-10-15,3.57,3.6
2019-10-16,3.57,3.6
2019-10-17,3.69,3.6
2019-10-18,3.69,3.6
2019-10-19,3.69,3.6
2019-10-20,3.69,3.6
2019-10-21,3.69,3.6
2019-10-22,3.69,3.6
2019-10-23,3.69,3.6
2019-10-24,3.75,3.6
2019-10-25,3.75,3.6
2019-10-26,3.75,3.6
2019-10-27,3.75,3.6
2019-10-28,3.75,3.6
2019-10-29,3.75,3.6
2019-10-30,3.75,3.6
2019-10-31,3.78,3.6
2019-11-01,3.78,3.6
2019-11-02,3.78,3.6
2019-11-03,3.78,3.6
2019-11-04,3.78,3.6
2019-11-05,3.78,3.6
2019-11-06,3.78,3.6
2019-11-07,3.69,3.6
2019-11-08,3.69,3.6
2019-11-09,3.69,3.6
2019-11-10,3.69,3.6
2019-11-11,3.69,3.6
2019-11-12,3.69,3.6
2019-11-13,3.69,3.6
2019-11-14,3.75,3.6
2019-11-15,3.75,3.6
2019-11-16,3.75,3.6
2019-11-17,3.75,3.6
2019-11-18,3.75,3.6
2019-11-19,3.75,3.6
2019-11-20,3.75,3.6
2019-11-21,3.66,3.6
2019-11-22,3.66,3.6
2019-11-23,3.66,3.6
2019-11-24,3.66,3.6
2019-11-25,3.66,3.6
2019-11-26,3.66,3.6
2019-11-27,3.68,3.6
2019-11-28,3.68,3.6
2019-11-29,3.68,3.6
2019-11-30,3.68,3.6
2019-12-01,3.68,3.6
2019-12-02,3.68,3.6
2019-12-03,3.68,3.6
2019-12-04,3.68,3.6
2019-12-05,3.68,3.6
2019-12-06,3.68,3.6
2019-12-07,3.68,3.6
2019-12-08,3.68,3.6
2019-12-09,3.68,3.6
2019-12-10,3.68,3.6
2019-12-11,3.68,3.6
2019-12-12,3.73,3.6
2019-12-13,3.73,3.6
2019-12-14,3.73,3.6
2019-12-15,3.73,3.6
2019-12-16,3.73,3.6
2019-12-17,3.73,3.6
2019-12-18,3.73,3.6
2019-12-19,3.73,3.6
2019-12-20,3.73,3.6
2019-12-21,3.73,3.6
2019-12-22,3.73,3.6
2019-12-23,3.73,3.6
2019-12-24,3.73,3.6
2019-12-25,3.73,3.6
2019-12-26,3.74,3.6
2019-12-27,3.74,3.6
2019-12-28,3.74,3.6
2019-12-29,3.74,3.6
2019-12-30,3.74,3.6
2019-12-31,3.74,3.6
2020-01-01,3.74,3.6
2020-01-02,3.72,3.6
2020-01-03,3.72,3.6
2020-01-04,3.72,3.6
2020-01-05,3.72,3.6
2020-01-06,3.72,3.6
2020-01-07,3.72,3.6
2020-01-08,3.72,3.6
2020-01-09,3.64,3.6
2020-01-10,3.64,3.6
2020-01-11,3.64,3.6
2020-01-12,3.64,3.6
2020-01-13,3.64,3.6
2020-01-14,3.64,3.6
2020-01-15,3.64,3.6
2020-01-16,3.65,3.6
2020-01-17,3.65,3.6
2020-01-18,3.65,3.6
2020-01-19,3.65,3.6
2020-01-20,3.65,3.6
2020-01-21,3.65,3.6
2020-01-22,3.65,3.6
2020-01-23,3.6,3.6
2020-01-24,3.6,3.6
2020-01-25,3.6,3.6
2020-01-26,3.6,3.6
2020-01-27,3.6,3.6
2020-01-28,3.6,3.6
2020-01-29,3.6,3.6
2020-01-30,3.51,3.6
2020-01-31,3.51,3.6
2020-02-01,3.51,3.5
2020-02-02,3.51,3.5
2020-02-03,3.51,3.5
2020-02-04,3.51,3.5
2020-02-05,3.51,3.5
2020-02-06,3.45,3.5
2020-02-07,3.45,3.5
2020-02-08,3.45,3.5
2020-02-09,3.45,3.5
2020-02-10,3.45,3.5
2020-02-11,3.45,3.5
2020-02-12,3.45,3.5
2020-02-13,3.47,3.5
2020-02-14,3.47,3.5
2020-02-15,3.47,3.5
2020-02-16,3.47,3.5
2020-02-17,3.47,3.5
2020-02-18,3.47,3.5
2020-02-19,3.47,3.5
2020-02-20,3.49,3.5
2020-02-21,3.49,3.5
2020-02-22,3.49,3.5
2020-02-23,3.49,3.5
2020-02-24,3.49,3.5
2020-02-25,3.49,3.5
2020-02-26,3.49,3.5
2020-02-27,3.45,3.5
2020-02-28,3.45,3.5
2020-02-29,3.45,3.5
2020-03-01,3.45,4.4
2020-03-02,3.45,4.4
2020-03-03,3.45,4.4
2020-03-04,3.45,4.4
2020-03-05,3.29,4.4
2020-03-06,3.29,4.4
2020-03-07,3.29,4.4
2020-03-08,3.29,4.4
2020-03-09,3.29,4.4
2020-03-10,3.29,4.4
2020-03-11,3.29,4.4
2020-03-12,3.36,4.4
2020-03-13,3.36,4.4
2020-03-14,3.36,4.4
2020-03-15,3.36,4.4
2020-03-16,3.36,4.4
2020-03-17,3.36,4.4
2020-03-18,3.36,4.4
2020-03-19,3.65,4.4
2020-03-20,3.65,4.4
2020-03-21,3.65,4.4
2020-03-22,3.65,4.4
2020-03-23,3.65,4.4
2020-03-24,3.65,4.4
2020-03-25,3.65,4.4
2020-03-26,3.5,4.4
2020-03-27,3.5,4.4
2020-03-28,3.5,4.4
2020-03-29,3.5,4.4
2020-03-30,3.5,4.4
2020-03-31,3.5,4.4
2020-04-01,3.5,14.8
2020-04-02,3.33,14.8
2020-04-03,3.33,14.8
2020-04-04,3.33,14.8
2020-04-05,3.33,14.8
2020-04-06,3.33,14.8
2020-04-07,3.33,14.8
2020-04-08,3.33,14.8
2020-04-09,3.33,14.8
2020-04-10,3.33,14.8
2020-04-11,3.33,14.8
2020-04-12,3.33,14.8
2020-04-13,3.33,14.8
2020-04-14,3.33,14.8
2020-04-15,3.33,14.8
2020-04-16,3.31,14.8
2020-04-17,3.31,14.8
2020-04-18,3.31,14.8
2020-04-19,3.31,14.8
2020-04-20,3.31,14.8
2020-04-21,3.31,14.8
2020-04-22,3.31,14.8
2020-04-23,3.33,14.8
2020-04-24,3.33,14.8
2020-04-25,3.33,14.8
2020-04-26,3.33,14.8
2020-04-27,3.33,14.8
2020-04-28,3.33,14.8
2020-04-29,3.33,14.8
2020-04-30,3.23,14.8
2020-05-01,3.23,13.2
2020-05-02,3.23,13.2
2020-05-03,3.23,13.2
2020-05-04,3.23,13.2
2020-05-05,3.23,13.2
2020-05-06,3.23,13.2
2020-05-07,3.26,13.2
2020-05-08,3.26,13.2
2020-05-09,3.26,13.2
2020-05-10,3.26,13.2
2020-05-11,3.26,13.2
2020-05-12,3.26,13.2
2020-05-13,3.26,13.2
2020-05-14,3.28,13.2
2020-05-15,3.28,13.2
2020-05-16,3.28,13.2
2020-05-17,3.28,13.2
2020-05-18,3.28,13.2
2020-05-19,3.28,13.2
2020-05-20,3.28,13.2
2020-05-21,3.24,13.2
2020-05-22,3.24,13.2
2020-05-23,3.24,13.2
2020-05-24,3.24,13.2
2020-05-25,3.24,13.2
2020-05-26,3.24,13.2
2020-05-27,3.24,13.2
2020-05-28,3.15,13.2
2020-05-29,3.15,13.2
2020-05-30,3.15,13.2
2020-05-31,3.15,13.2
2020-06-01,3.15,11.0
2020-06-02,3.15,11.0
2020-06-03,3.15,11.0
2020-06-04,3.18,11.0
2020-06-05,3.18,11.0
2020-06-06,3.18,11.0
2020-06-07,3.18,11.0
2020-06-08,3.18,11.0
2020-06-09,3.18,11.0
2020-06-10,3.18,11.0
2020-06-11,3.21,11.0
2020-06-12,3.21,11.0
2020-06-13,3.21,11.0
2020-06-14,3.21,11.0
2020-06-15,3.21,11.0
2020-06-16,3.21,11.0
2020-06-17,3.21,11.0
2020-06-18,3.13,11.0
2020-06-19,3.13,11.0
2020-06-20,3.13,11.0
2020-06-21,3.13,11.0
2020-06-22,3.13,11.0
2020-06-23,3.13,11.0
2020-06-24,3.13,11.0
2020-06-25,3.13,11.0
2020-06-26,3.13,11.0
2020-06-27,3.13,11.0
2020-06-28,3.13,11.0
2020-06-29,3.13,11.0
2020-06-30,3.13,11.0
2020-07-01,3.13,10.2
2020-07-02,3.07,10.2
2020-07-03,3.07,10.2
2020-07-04,3.07,10.2
2020-07-05,3.07,10.2
2020-07-06,3.07,10.2
2020-07-07,3.07,10.2
2020-07-08,3.07,10.2
2020-07-09,3.03,10.2
2020-07-10,3.03,10.2
2020-07-11,3.03,10.2
2020-07-12,3.03,10.2
2020-07-13,3.03,10.2
2020-07-14,3.03,10.2
2020-07-15,3.03,10.2
2020-07-16,2.98,10.2
2020-07-17,2.98,10.2
2020-07-18,2.98,10.2
2020-07-19,2.98,10.2
2020-07-20,2.98,10.2
2020-07-21,2.98,10.2
2020-07-22,2.98,10.2
2020-07-23,3.01,10.2
2020-07-24,3.01,10.2
2020-07-25,3.01,10.2
2020-07-26,3.01,10.2
2020-07-27,3.01,10.2
2020-07-28,3.01,10.2
2020-07-29,3.01,10.2
2020-07-30,2.99,10.2
2020-07-31,2.99,10.2
2020-08-01,2.99,8.4
2020-08-02,2.99,8.4
2020-08-03,2.99,8.4
2020-08-04,2.99,8.4
2020-08-05,2.99,8.4
2020-08-06,2.88,8.4
2020-08-07,2.88,8.4
2020-08-08,2.88,8.4
2020-08-09,2.88,8.4
2020-08-10,2.88,8.4
2020-08-11,2.88,8.4
2020-08-12,2.88,8.4
2020-08-13,2.96,8.4
2020-08-14,2.96,8.4
2020-08-15,2.96,8.4
2020-08-16,2.96,8.4
2020-08-17,2.96,8.4
2020-08-18,2.96,8.4
2020-08-19,2.96,8.4
2020-08-20,2.99,8.4
2020-08-21,2.99,8.4
2020-08-22,2.99,8.4
2020-08-23,2.99,8.4
2020-08-24,2.99,8.4
2020-08-25,2.99,8.4
2020-08-26,2.99,8.4
2020-08-27,2.91,8.4
2020-08-28,2.91,8.4
2020-08-29,2.91,8.4
2020-08-30,2.91,8.4
2020-08-31,2.91,8.4
2020-09-01,2.91,7.8
2020-09-02,2.91,7.8
2020-09-03,2.93,7.8
2020-09-04,2.93,7.8
2020-09-05,2.93,7.8
2020-09-06,2.93,7.8
2020-09-07,2.93,7.8
2020-09-08,2.93,7.8
2020-09-09,2.93,7.8
2020-09-10,2.86,7.8
2020-09-11,2.86,7.8
2020-09-12,2.86,7.8
2020-09-13,2.86,7.8
2020-09-14,2.86,7.8
2020-09-15,2.86,7.8
2020-09-16,2.86,7.8
2020-09-17,2.87,7.8
2020-09-18,2.87,7.8
2020-09-19,2.87,7.8
2020-09-20,2.87,7.8
2020-09-21,2.87,7.8
2020-09-22,2.87,7.8
2020-09-23,2.87,7.8
2020-09-24,2.9,7.8
2020-09-25,2.9,7.8
2020-09-26,2.9,7.8
2020-09-27,2.9,7.8
2020-09-28,2.9,7.8
2020-09-29,2.9,7.8
2020-09-30,2.9,7.8
2020-10-01,2.88,6.9
2020-10-02,2.88,6.9
2020-10-03,2.88,6.9
2020-10-04,2.88,6.9
2020-10-05,2.88,6.9
2020-10-06,2.88,6.9
2020-10-07,2.88,6.9
2020-10-08,2.87,6.9
2020-10-09,2.87,6.9
2020-10-10,2.87,6.9
2020-10-11,2.87,6.9
2020-10-12,2.87,6.9
2020-10-13,2.87,6.9
2020-10-14,2.87,6.9
2020-10-15,2.81,6.9
2020-10-16,2.81,6.9
2020-10-17,2.81,6.9
2020-10-18,2.81,6.9
2020-10-19,2.81,6.9
2020-10-20,2.81,6.9
2020-10-21,2.81,6.9
2020-10-22,2.8,6.9
2020-10-23,2.8,6.9
2020-10-24,2.8,6.9
2020-10-25,2.8,6.9
2020-10-26,2.8,6.9
2020-10-27,2.8,6.9
2020-10-28,2.8,6.9
2020-10-29,2.81,6.9
2020-10-30,2.81,6.9
2020-10-31,2.81,6.9
2020-11-01,2.81,6.7
2020-11-02,2.81,6.7
2020-11-03,2.81,6.7
2020-11-04,2.81,6.7
2020-11-05,2.78,6.7
2020-11-06,2.78,6.7
2020-11-07,2.78,6.7
2020-11-08,2.78,6.7
2020-11-09,2.78,6.7
2020-11-10,2.78,6.7
2020-11-11,2.78,6.7
2020-11-12,2.84,6.7
2020-11-13,2.84,6.7
2020-11-14,2.84,6.7
2020-11-15,2.84,6.7
2020-11-16,2.84,6.7
2020-11-17,2.84,6.7
2020-11-18,2.84,6.7
2020-11-19,2.72,6.7
2020-11-20,2.72,6.7
2020-11-21,2.72,6.7
2020-11-22,2.72,6.7
2020-11-23,2.72,6.7
2020-11-24,2.72,6.7
2020-11-25,2.72,6.7
2020-11-26,2.72,6.7
2020-11-27,2.72,6.7
2020-11-28,2.72,6.7
2020-11-29,2.72,6.7
2020-11-30,2.72,6.7
2020-12-01,2.72,6.7
2020-12-02,2.72,6.7
2020-12-03,2.71,6.7
2020-12-04,2.71,6.7
2020-12-05,2.71,6.7
2020-12-06,2.71,6.7
2020-12-07,2.71,6.7
2020-12-08,2.71,6.7
2020-12-09,2.71,6.7
2020-12-10,2.71,6.7
2020-12-11,2.71,6.7
2020-12-12,2.71,6.7
2020-12-13,2.71,6.7
2020-12-14,2.71,6.7
2020-12-15,2.71,6.7
2020-12-16,2.71,6.7
2020-12-17,2.67,6.7
2020-12-18,2.67,6.7
2020-12-19,2.67,6.7
2020-12-20,2.67,6.7
2020-12-21,2.67,6.7
2020-12-22,2.67,6.7
2020-12-23,2.67,6.7
2020-12-24,2.66,6.7
2020-12-25,2.66,6.7
2020-12-26,2.66,6.7
2020-12-27,2.66,6.7
2020-12-28,2.66,6.7
2020-12-29,2.66,6.7
2020-12-30,2.66,6.7
2020-12-31,2.67,6.7
2021-01-01,2.67,6.4
2021-01-02,2.67,6.4
2021-01-03,2.67,6.4
2021-01-04,2.67,6.4
2021-01-05,2.67,6.4
2021-01-06,2.67,6.4
2021-01-07,2.65,6.4
2021-01-08,2.65,6.4
2021-01-09,2.65,6.4
2021-01-10,2.65,6.4
2021-01-11,2.65,6.4
2021-01-12,2.65,6.4
2021-01-13,2.65,6.4
2021-01-14,2.79,6.4
2021-01-15,2.79,6.4
2021-01-16,2.79,6.4
2021-01-17,2.79,6.4
2021-01-18,2.79,6.4
2021-01-19,2.79,6.4
2021-01-20,2.79,6.4
2021-01-21,2.77,6.4
2021-01-22,2.77,6.4
2021-01-23,2.77,6.4
2021-01-24,2.77,6.4
2021-01-25,2.77,6.4
2021-01-26,2.77,6.4
2021-01-27,2.77,6.4
2021-01-28,2.73,6.4
2021-01-29,2.73,6.4
2021-01-30,2.73,6.4
2021-01-31,2.73,6.4
2021-02-01,2.73,6.2
2021-02-02,2.73,6.2
2021-02-03,2.73,6.2
2021-02-04,2.73,6.2
2021-02-05,2.73,6.2
2021-02-06,2.73,6.2
2021-02-07,2.73,6.2
2021-02-08,2.73,6.2
2021-02-09,2.73,6.2
2021-02-10,2.73,6.2
2021-02-11,2.73,6.2
2021-02-12,2.73,6.2
2021-02-13,2.73,6.2
2021-02-14,2.73,6.2
2021-02-15,2.73,6.2
2021-02-16,2.73,6.2
2021-02-17,2.73,6.2
2021-02-18,2.81,6.2
2021-02-19,2.81,6.2
2021-02-20,2.81,6.2
2021-02-21,2.81,6.2
2021-02-22,2.81,6.2
2021-02-23,2.81,6.2
2021-02-24,2.81,6.2
2021-02-25,2.97,6.2
2021-02-26,2.97,6.2
2021-02-27,2.97,6.2
2021-02-28,2.97,6.2
2021-03-01,2.97,6.1
2021-03-02,2.97,6.1
2021-03-03,2.97,6.1
2021-03-04,3.02,6.1
2021-03-05,3.02,6.1
2021-03-06,3.02,6.1
2021-03-07,3.02,6.1
2021-03-08,3.02,6.1
2021-03-09,3.02,6.1
2021-03-10,3.02,6.1
2021-03-11,3.05,6.1
2021-03-12,3.05,6.1
2021-03-13,3.05,6.1
2021-03-14,3.05,6.1
2021-03-15,3.05,6.1
2021-03-16,3.05,6.1
2021-03-17,3.05,6.1
2021-03-18,3.09,6.1
2021-03-19,3.09,6.1
2021-03-20,3.09,6.1
2021-03-21,3.09,6.1
2021-03-22,3.09,6.1
2021-03-23,3.09,6.1
2021-03-24,3.09,6.1
2021-03-25,3.17,6.1
2021-03-26,3.17,6.1
2021-03-27,3.17,6.1
2021-03-28,3.17,6.1
2021-03-29,3.17,6.1
2021-03-30,3.17,6.1
2021-03-31,3.17,6.1
2021-04-01,3.18,6.1
2021-04-02,3.18,6.1
2021-04-03,3.18,6.1
2021-04-04,3.18,6.1
2021-04-05,3.18,6.1
2021-04-06,3.18,6.1
2021-04-07,3.18,6.1
2021-04-08,3.13,6.1
2021-04-09,3.13,6.1
2021-04-10,3.13,6.1
2021-04-11,3.13,6.1
2021-04-12,3.13,6.1
2021-04-13,3.13,6.1
2021-04-14,3.13,6.1
2021-04-15,3.04,6.1
2021-04-16,3.04,6.1
2021-04-17,3.04,6.1
2021-04-18,3.04,6.1
2021-04-19,3.04,6.1
2021-04-20,3.04,6.1
2021-04-21,3.04,6.1
2021-04-22,2.97,6.1
2021-04-23,2.97,6.1
2021-04-24,2.97,6.1
2021-04-25,2.97,6.1
2021-04-26,2.97,6.1
2021-04-27,2.97,6.1
2021-04-28,2.97,6.1
2021-04-29,2.98,6.1
2021-04-30,2.98,6.1
2021-05-01,2.98,5.8
2021-05-02,2.98,5.8
2021-05-03,2.98,5.8
2021-05-04,2.98,5.8
2021-05-05,2.98,5.8
2021-05-06,2.96,5.8
2021-05-07,2.96,5.8
2021-05-08,2.96,5.8
2021-05-09,2.96,5.8
2021-05-10,2.96,5.8
2021-05-11,2.96,5.8
2021-05-12,2.96,5.8
2021-05-13,2.94,5.8
2021-05-14,2.94,5.8
2021-05-15,2.94,5.8
2021-05-16,2.94,5.8
2021-05-17,2.94,5.8
2021-05-18,2.94,5.8
2021-05-19,2.94,5.8
2021-05-20,3.0,5.8
2021-05-21,3.0,5.8
2021-05-22,3.0,5.8
2021-05-23,3.0,5.8
2021-05-24,3.0,5.8
2021-05-25,3.0,5.8
2021-05-26,3.0,5.8
2021-05-27,2.95,5.8
2021-05-28,2.95,5.8
2021-05-29,2.95,5.8
2021-05-30,2.95,5.8
2021-05-31,2.95,5.8
2021-06-01,2.95,5.9
2021-06-02,2.95,5.9
2021-06-03,2.99,5.9
2021-06-04,2.99,5.9
2021-06-05,2.99,5.9
2021-06-06,2.99,5.9
2021-06-07,2.99,5.9
2021-06-08,2.99,5.9
2021-06-09,2.99,5.9
2021-06-10,2.96,5.9
2021-06-11,2.96,5.9
2021-06-12,2.96,5.9
2021-06-13,2.96,5.9
2021-06-14,2.96,5.9
2021-06-15,2.96,5.9
2021-06-16,2.96,5.9
2021-06-17,2.93,5.9
2021-06-18,2.93,5.9
2021-06-19,2.93,5.9
2021-06-20,2.93,5.9
2021-06-21,2.93,5.9
2021-06-22,2.93,5.9
2021-06-23,2.93,5.9
2021-06-24,3.02,5.9
2021-06-25,3.02,5.9
2021-06-26,3.02,5.9
2021-06-27,3.02,5.9
2021-06-28,3.02,5.9
2021-06-29,3.02,5.9
2021-06-30,3.02,5.9
2021-07-01,2.98,5.4
2021-07-02,2.98,5.4
2021-07-03,2.98,5.4
2021-07-04,2.98,5.4
2021-07-05,2.98,5.4
2021-07-06,2.98,5.4
2021-07-07,2.98,5.4
2021-07-08,2.9,5.4
2021-07-09,2.9,5.4
2021-07-10,2.9,5.4
2021-07-11,2.9,5.4
2021-07-12,2.9,5.4
2021-07-13,2.9,5.4
2021-07-14,2.9,5.4
2021-07-15,2.88,5.4
2021-07-16,2.88,5.4
2021-07-17,2.88,5.4
2021-07-18,2.88,5.4
2021-07-19,2.88,5.4
2021-07-20,2.88,5.4
2021-07-21,2.88,5.4
2021-07-22,2.78,5.4
2021-07-23,2.78,5.4
2021-07-24,2.78,5.4
2021-07-25,2.78,5.4
2021-07-26,2.78,5.4
2021-07-27,2.78,5.4
2021-07-28,2.78,5.4
2021-07-29,2.8,5.4
2021-07-30,2.8,5.4
2021-07-31,2.8,5.4
2021-08-01,2.8,5.1
2021-08-02,2.8,5.1
2021-08-03,2.8,5.1
2021-08-04,2.8,5.1
2021-08-05,2.77,5.1
2021-08-06,2.77,5.1
2021-08-07,2.77,5.1
2021-08-08,2.77,5.1
2021-08-09,2.77,5.1
2021-08-10,2.77,5.1
2021-08-11,2.77,5.1
2021-08-12,2.87,5.1
2021-08-13,2.87,5.1
2021-08-14,2.87,5.1
2021-08-15,2.87,5.1
2021-08-16,2.87,5.1
2021-08-17,2.87,5.1
2021-08-18,2.87,5.1
2021-08-19,2.86,5.1
2021-08-20,2.86,5.1
2021-08-21,2.86,5.1
2021-08-22,2.86,5.1
2021-08-23,2.86,5.1
2021-08-24,2.86,5.1
2021-08-25,2.86,5.1
2021-08-26,2.87,5.1
2021-08-27,2.87,5.1
2021-08-28,2.87,5.1
2021-08-29,2.87,5.1
2021-08-30,2.87,5.1
2021-08-31,2.87,5.1
2021-09-01,2.87,4.7
2021-09-02,2.87,4.7
2021-09-03,2.87,4.7
2021-09-04,2.87,4.7
2021-09-05,2.87,4.7
2021-09-06,2.87,4.7
2021-09-07,2.87,4.7
2021-09-08,2.87,4.7
2021-09-09,2.88,4.7
2021-09-10,2.88,4.7
2021-09-11,2.88,4.7
2021-09-12,2.88,4.7
2021-09-13,2.88,4.7
2021-09-14,2.88,4.7
2021-09-15,2.88,4.7
2021-09-16,2.86,4.7
2021-09-17,2.86,4.7
2021-09-18,2.86,4.7
2021-09-19,2.86,4.7
2021-09-20,2.86,4.7
2021-09-21,2.86,4.7
2021-09-22,2.86,4.7
2021-09-23,2.88,4.7
2021-09-24,2.88,4.7
2021-09-25,2.88,4.7
2021-09-26,2.88,4.7
2021-09-27,2.88,4.7
2021-09-28,2.88,4.7
2021-09-29,2.88,4.7
2021-09-30,3.01,4.7
2021-10-01,3.01,4.5
2021-10-02,3.01,4.5
2021-10-03,3.01,4.5
2021-10-04,3.01,4.5
2021-10-05,3.01,4.5
2021-10-06,3.01,4.5
2021-10-07,2.99,4.5
2021-10-08,2.99,4.5
2021-10-09,2.99,4.5
2021-10-10,2.99,4.5
2021-10-11,2.99,4.5
2021-10-12,2.99,4.5
2021-10-13,2.99,4.5
2021-10-14,3.05,4.5
2021-10-15,3.05,4.5
2021-10-16,3.05,4.5
2021-10-17,3.05,4.5
2021-10-18,3.05,4.5
2021-10-19,3.05,4.5
2021-10-20,3.05,4.5
2021-10-21,3.09,4.5
2021-10-22,3.09,4.5
2021-10-23,3.09,4.5
2021-10-24,3.09,4.5
2021-10-25,3.09,4.5
2021-10-26,3.09,4.5
2021-10-27,3.09,4.5
2021-10-28,3.14,4.5
2021-10-29,3.14,4.5
2021-10-30,3.14,4.5
2021-10-31,3.14,4.5
2021-11-01,3.14,4.1
2021-11-02,3.14,4.1
2021-11-03,3.14,4.1
2021-11-04,3.09,4.1
2021-11-05,3.09,4.1
2021-11-06,3.09,4.1
2021-11-07,3.09,4.1
2021-11-08,3.09,4.1
2021-11-09,3.09,4.1
2021-11-10,2.98,4.1
2021-11-11,2.98,4.1
2021-11-12,2.98,4.1
2021-11-13,2.98,4.1
2021-11-14,2.98,4.1
2021-11-15,2.98,4.1
2021-11-16,2.98,4.1
2021-11-17,2.98,4.1
2021-11-18,3.1,4.1
2021-11-19,3.1,4.1
2021-11-20,3.1,4.1
2021-11-21,3.1,4.1
2021-11-22,3.1,4.1
2021-11-23,3.1,4.1
2021-11-24,3.1,4.1
2021-11-25,3.1,4.1
2021-11-26,3.1,4.1
2021-11-27,3.1,4.1
2021-11-28,3.1,4.1
2021-11-29,3.1,4.1
2021-11-30,3.1,4.1
2021-12-01,3.1,3.9
2021-12-02,3.11,3.9
2021-12-03,3.11,3.9
2021-12-04,3.11,3.9
2021-12-05,3.11,3.9
2021-12-06,3.11,3.9
2021-12-07,3.11,3.9
2021-12-08,3.11,3.9
2021-12-09,3.1,3.9
2021-12-10,3.1,3.9
2021-12-11,3.1,3.9
2021-12-12,3.1,3.9
2021-12-13,3.1,3.9
2021-12-14,3.1,3.9
2021-12-15,3.1,3.9
2021-12-16,3.12,3.9
2021-12-17,3.12,3.9
2021-12-18,3.12,3.9
2021-12-19,3.12,3.9
2021-12-20,3.12,3.9
2021-12-21,3.12,3.9
2021-12-22,3.12,3.9
2021-12-23,3.05,3.9
2021-12-24,3.05,3.9
2021-12-25,3.05,3.9
2021-12-26,3.05,3.9
2021-12-27,3.05,3.9
2021-12-28,3.05,3.9
2021-12-29,3.05,3.9
2021-12-30,3.11,3.9
2021-12-31,3.11,3.9
2022-01-01,3.11,4.0
2022-01-02,3.11,4.0
2022-01-03,3.11,4.0
2022-01-04,3.11,4.0
2022-01-05,3.11,4.0
2022-01-06,3.22,4.0
2022-01-07,3.22,4.0
2022-01-08,3.22,4.0
2022-01-09,3.22,4.0
2022-01-10,3.22,4.0
2022-01-11,3.22,4.0
2022-01-12,3.22,4.0
2022-01-13,3.45,4.0
2022-01-14,3.45,4.0
2022-01-15,3.45,4.0
2022-01-16,3.45,4.0
2022-01-17,3.45,4.0
2022-01-18,3.45,4.0
2022-01-19,3.45,4.0
2022-01-20,3.56,4.0
2022-01-21,3.56,4.0
2022-01-22,3.56,4.0
2022-01-23,3.56,4.0
2022-01-24,3.56,4.0
2022-01-25,3.56,4.0
2022-01-26,3.56,4.0
2022-01-27,3.55,4.0
2022-01-28,3.55,4.0
2022-01-29,3.55,4.0
2022-01-30,3.55,4.0
2022-01-31,3.55,4.0
2022-02-01,3.55,3.9
2022-02-02,3.55,3.9
2022-02-03,3.55,3.9
2022-02-04,3.55,3.9
2022-02-05,3.55,3.9
2022-02-06,3.55,3.9
2022-02-07,3.55,3.9
2022-02-08,3.55,3.9
2022-02-09,3.55,3.9
2022-02-10,3.69,3.9
2022-02-11,3.69,3.9
2022-02-12,3.69,3.9
2022-02-13,3.69,3.9
2022-02-14,3.69,3.9
2022-02-15,3.69,3.9
2022-02-16,3.69,3.9
2022-02-17,3.92,3.9
2022-02-18,3.92,3.9
2022-02-19,3.92,3.9
2022-02-20,3.92,3.9
2022-02-21,3.92,3.9
2022-02-22,3.92,3.9
2022-02-23,3.92,3.9
2022-02-24,3.89,3.9
2022-02-25,3.89,3.9
2022-02-26,3.89,3.9
2022-02-27,3.89,3.9
2022-02-28,3.89,3.9
2022-03-01,3.89,3.7
2022-03-02,3.89,3.7
2022-03-03,3.76,3.7
2022-03-04,3.76,3.7
2022-03-05,3.76,3.7
2022-03-06,3.76,3.7
2022-03-07,3.76,3.7
2022-03-08,3.76,3.7
2022-03-09,3.76,3.7
2022-03-10,3.85,3.7
2022-03-11,3.85,3.7
2022-03-12,3.85,3.7
2022-03-13,3.85,3.7
2022-03-14,3.85,3.7
2022-03-15,3.85,3.7
2022-03-16,3.85,3.7
2022-03-17,4.16,3.7
2022-03-18,4.16,3.7
2022-03-19,4.16,3.7
2022-03-20,4.16,3.7
2022-03-21,4.16,3.7
2022-03-22,4.16,3.7
2022-03-23,4.16,3.7
2022-03-24,4.42,3.7
2022-03-25,4.42,3.7
2022-03-26,4.42,3.7
2022-03-27,4.42,3.7
2022-03-28,4.42,3.7
2022-03-29,4.42,3.7
2022-03-30,4.42,3.7
2022-03-31,4.67,3.7
2022-04-01,4.67,3.7
2022-04-02,4.67,3.7
2022-04-03,4.67,3.7
2022-04-04,4.67,3.7
2022-04-05,4.67,3.7
2022-04-06,4.67,3.7
2022-04-07,4.72,3.7
2022-04-08,4.72,3.7
2022-04-09,4.72,3.7
2022-04-10,4.72,3.7
2022-04-11,4.72,3.7
2022-04-12,4.72,3.7
2022-04-13,4.72,3.7
2022-04-14,5.0,3.7
2022-04-15,5.0,3.7
2022-04-16,5.0,3.7
2022-04-17,5.0,3.7
2022-04-18,5.0,3.7
2022-04-19,5.0,3.7
2022-04-20,5.0,3.7
2022-04-21,5.11,3.7
2022-04-22,5.11,3.7
2022-04-23,5.11,3.7
2022-04-24,5.11,3.7
2022-04-25,5.11,3.7
2022-04-26,5.11,3.7
2022-04-27,5.11,3.7
2022-04-28,5.1,3.7
2022-04-29,5.1,3.7
2022-04-30,5.1,3.7
2022-05-01,5.1,3.6
2022-05-02,5.1,3.6
2022-05-03,5.1,3.6
2022-05-04,5.1,3.6
2022-05-05,5.27,3.6
2022-05-06,5.27,3.6
2022-05-07,5.27,3.6
2022-05-08,5.27,3.6
2022-05-09,5.27,3.6
2022-05-10,5.27,3.6
2022-05-11,5.27,3.6
2022-05-12,5.3,3.6
2022-05-13,5.3,3.6
2022-05-14,5.3,3.6
2022-05-15,5.3,3.6
2022-05-16,5.3,3.6
2022-05-17,5.3,3.6
2022-05-18,5.3,3.6
2022-05-19,5.25,3.6
2022-05-20,5.25,3.6
2022-05-21,5.25,3.6
2022-05-22,5.25,3.6
2022-05-23,5.25,3.6
2022-05-24,5.25,3.6
2022-05-25,5.25,3.6
2022-05-26,5.1,3.6
2022-05-27,5.1,3.6
2022-05-28,5.1,3.6
2022-05-29,5.1,3.6
2022-05-30,5.1,3.6
2022-05-31,5.1,3.6
2022-06-01,5.1,3.6
2022-06-02,5.09,3.6
2022-06-03,5.09,3.6
2022-06-04,5.09,3.6
2022-06-05,5.09,3.6
2022-06-06,5.09,3.6
2022-06-07,5.09,3.6
2022-06-08,5.09,3.6
2022-06-09,5.23,3.6
2022-06-10,5.23,3.6
2022-06-11,5.23,3.6
2022-06-12,5.23,3.6
2022-06-13,5.23,3.6
2022-06-14,5.23,3.6
2022-06-15,5.23,3.6
2022-06-16,5.78,3.6
2022-06-17,5.78,3.6
2022-06-18,5.78,3.6
2022-06-19,5.78,3.6
2022-06-20,5.78,3.6
2022-06-21,5.78,3.6
2022-06-22,5.78,3.6
2022-06-23,5.81,3.6
2022-06-24,5.81,3.6
2022-06-25,5.81,3.6
2022-06-26,5.81,3.6
2022-06-27,5.81,3.6
2022-06-28,5.81,3.6
2022-06-29,5.81,3.6
2022-06-30,5.7,3.6
2022-07-01,5.7,3.5
2022-07-02,5.7,3.5
2022-07-03,5.7,3.5
2022-07-04,5.7,3.5
2022-07-05,5.7,3.5
2022-07-06,5.7,3.5
2022-07-07,5.3,3.5
2022-07-08,5.3,3.5
2022-07-09,5.3,3.5
2022-07-10,5.3,3.5
2022-07-11,5.3,3.5
2022-07-12,5.3,3.5
2022-07-13,5.3,3.5
2022-07-14,5.51,3.5
2022-07-15,5.51,3.5
2022-07-16,5.51,3.5
2022-07-17,5.51,3.5
2022-07-18,5.51,3.5
2022-07-19,5.51,3.5
2022-07-20,5.51,3.5
2022-07-21,5.54,3.5
2022-07-22,5.54,3.5
2022-07-23,5.54,3.5
2022-07-24,5.54,3.5
2022-07-25,5.54,3.5
2022-07-26,5.54,3.5
2022-07-27,5.54,3.5
2022-07-28,5.3,3.5
2022-07-29,5.3,3.5
2022-07-30,5.3,3.5
2022-07-31,5.3,3.5
2022-08-01,5.3,3.6
2022-08-02,5.3,3.6
2022-08-03,5.3,3.6
2022-08-04,4.99,3.6
2022-08-05,4.99,3.6
2022-08-06,4.99,3.6
2022-08-07,4.99,3.6
2022-08-08,4.99,3.6
2022-08-09,4.99,3.6
2022-08-10,4.99,3.6
2022-08-11,5.22,3.6
2022-08-12,5.22,3.6
2022-08-13,5.22,3.6
2022-08-14,5.22,3.6
2022-08-15,5.22,3.6
2022-08-16,5.22,3.6
2022-08-17,5.22,3.6
2022-08-18,5.13,3.6
2022-08-19,5.13,3.6
2022-08-20,5.13,3.6
2022-08-21,5.13,3.6
2022-08-22,5.13,3.6
2022-08-23,5.13,3.6
2022-08-24,5.13,3.6
2022-08-25,5.55,3.6
2022-08-26,5.55,3.6
2022-08-27,5.55,3.6
2022-08-28,5.55,3.6
2022-08-29,5.55,3.6
2022-08-30,5.55,3.6
2022-08-31,5.55,3.6
2022-09-01,5.66,3.5
2022-09-02,5.66,3.5
2022-09-03,5.66,3.5
2022-09-04,5.66,3.5
2022-09-05,5.66,3.5
2022-09-06,5.66,3.5
2022-09-07,5.66,3.5
2022-09-08,5.89,3.5
2022-09-09,5.89,3.5
2022-09-10,5.89,3.5
2022-09-11,5.89,3.5
2022-09-12,5.89,3.5
2022-09-13,5.89,3.5
2022-09-14,5.89,3.5
2022-09-15,6.02,3.5
2022-09-16,6.02,3.5
2022-09-17,6.02,3.5
2022-09-18,6.02,3.5
2022-09-19,6.02,3.5
2022-09-20,6.02,3.5
2022-09-21,6.02,3.5
2022-09-22,6.29,3.5
2022-09-23,6.29,3.5
2022-09-24,6.29,3.5
2022-09-25,6.29,3.5
2022-09-26,6.29,3.5
2022-09-27,6.29,3.5
2022-09-28,6.29,3.5
2022-09-29,6.7,3.5
2022-09-30,6.7,3.5
2022-10-01,6.7,3.6
2022-10-02,6.7,3.6
2022-10-03,6.7,3.6
2022-10-04,6.7,3.6
2022-10-05,6.7,3.6
2022-10-06,6.66,3.6
2022-10-07,6.66,3.6
2022-10-08,6.66,3.6
2022-10-09,6.66,3.6
2022-10-10,6.66,3.6
2022-10-11,6.66,3.6
2022-10-12,6.66,3.6
2022-10-13,6.92,3.6
2022-10-14,6.92,3.6
2022-10-15,6.92,3.6
2022-10-16,6.92,3.6
2022-10-17,6.92,3.6
2022-10-18,6.92,3.6
2022-10-19,6.92,3.6
2022-10-20,6.94,3.6
2022-10-21,6.94,3.6
2022-10-22,6.94,3.6
2022-10-23,6.94,3.6
2022-10-24,6.94,3.6
2022-10-25,6.94,3.6
2022-10-26,6.94,3.6
2022-10-27,7.08,3.6
2022-10-28,7.08,3.6
2022-10-29,7.08,3.6
2022-10-30,7.08,3.6
2022-10-31,7.08,3.6
2022-11-01,7.08,3.6
2022-11-02,7.08,3.6
2022-11-03,6.95,3.6
2022-11-04,6.95,3.6
2022-11-05,6.95,3.6
2022-11-06,6.95,3.6
2022-11-07,6.95,3.6
2022-11-08,6.95,3.6
2022-11-09,6.95,3.6
2022-11-10,7.08,3.6
2022-11-11,7.08,3.6
2022-11-12,7.08,3.6
2022-11-13,7.08,3.6
2022-11-14,7.08,3.6
2022-11-15,7.08,3.6
2022-11-16,7.08,3.6
2022-11-17,6.61,3.6
2022-11-18,6.61,3.6
2022-11-19,6.61,3.6
2022-11-20,6.61,3.6
2022-11-21,6.61,3.6
2022-11-22,6.61,3.6
2022-11-23,6.58,3.6
2022-11-24,6.58,3.6
2022-11-25,6.58,3.6
2022-11-26,6.58,3.6
2022-11-27,6.58,3.6
2022-11-28,6.58,3.6
2022-11-29,6.58,3.6
2022-11-30,6.58,3.6
2022-12-01,6.49,3.5
2022-12-02,6.49,3.5
2022-12-03,6.49,3.5
2022-12-04,6.49,3.5
2022-12-05,6.49,3.5
2022-12-06,6.49,3.5
2022-12-07,6.49,3.5
2022-12-08,6.33,3.5
2022-12-09,6.33,3.5
2022-12-10,6.33,3.5
2022-12-11,6.33,3.5
2022-12-12,6.33,3.5
2022-12-13,6.33,3.5
2022-12-14,6.33,3.5
2022-12-15,6.31,3.5
2022-12-16,6.31,3.5
2022-12-17,6.31,3.5
2022-12-18,6.31,3.5
2022-12-19,6.31,3.5
2022-12-20,6.31,3.5
2022-12-21,6.31,3.5
2022-12-22,6.27,3.5
2022-12-23,6.27,3.5
2022-12-24,6.27,3.5
2022-12-25,6.27,3.5
2022-12-26,6.27,3.5
2022-12-27,6.27,3.5
2022-12-28,6.27,3.5
2022-12-29,6.42,3.5
2022-12-30,6.42,3.5
2022-12-31,6.42,3.5
2023-01-01,6.42,3.5
2023-01-02,6.42,3.5
2023-01-03,6.42,3.5
2023-01-04,6.42,3.5
2023-01-05,6.48,3.5
2023-01-06,6.48,3.5
2023-01-07,6.48,3.5
2023-01-08,6.48,3.5
2023-01-09,6.48,3.5
2023-01-10,6.48,3.5
2023-01-11,6.48,3.5
2023-01-12,6.33,3.5
2023-01-13,6.33,3.5
2023-01-14,6.33,3.5
2023-01-15,6.33,3.5
2023-01-16,6.33,3.5
2023-01-17,6.33,3.5
2023-01-18,6.33,3.5
2023-01-19,6.15,3.5
2023-01-20,6.15,3.5
2023-01-21,6.15,3.5
2023-01-22,6.15,3.5
2023-01-23,6.15,3.5
2023-01-24,6.15,3.5
2023-01-25,6.15,3.5
2023-01-26,6.13,3.5
2023-01-27,6.13,3.5
2023-01-28,6.13,3.5
2023-01-29,6.13,3.5
2023-01-30,6.13,3.5
2023-01-31,6.13,3.5
2023-02-01,6.13,3.6
2023-02-02,6.09,3.6
2023-02-03,6.09,3.6
2023-02-04,6.09,3.6
2023-02-05,6.09,3.6
2023-02-06,6.09,3.6
2023-02-07,6.09,3.6
2023-02-08,6.09,3.6
2023-02-09,6.12,3.6
2023-02-10,6.12,3.6
2023-02-11,6.12,3.6
2023-02-12,6.12,3.6
2023-02-13,6.12,3.6
2023-02-14,6.12,3.6
2023-02-15,6.12,3.6
2023-02-16,6.32,3.6
2023-02-17,6.32,3.6
2023-02-18,6.32,3.6
2023-02-19,6.32,3.6
2023-02-20,6.32,3.6
2023-02-21,6.32,3.6
2023-02-22,6.32,3.6
2023-02-23,6.5,3.6
2023-02-24,6.5,3.6
2023-02-25,6.5,3.6
2023-02-26,6.5,3.6
2023-02-27,6.5,3.6
2023-02-28,6.5,3.6
2023-03-01,6.5,3.5
2023-03-02,6.65,3.5
2023-03-03,6.65,3.5
2023-03-04,6.65,3.5
2023-03-05,6.65,3.5
2023-03-06,6.65,3.5
2023-03-07,6.65,3.5
2023-03-08,6.65,3.5
2023-03-09,6.73,3.5
2023-03-10,6.73,3.5
2023-03-11,6.73,3.5
2023-03-12,6.73,3.5
2023-03-13,6.73,3.5
2023-03-14,6.73,3.5
2023-03-15,6.73,3.5
2023-03-16,6.6,3.5
2023-03-17,6.6,3.5
2023-03-18,6.6,3.5
2023-03-19,6.6,3.5
2023-03-20,6.6,3.5
2023-03-21,6.6,3.5
2023-03-22,6.6,3.5
2023-03-23,6.42,3.5
2023-03-24,6.42,3.5
2023-03-25,6.42,3.5
2023-03-26,6.42,3.5
2023-03-27,6.42,3.5
2023-03-28,6.42,3.5
2023-03-29,6.42,3.5
2023-03-30,6.32,3.5
2023-03-31,6.32,3.5
2023-04-01,6.32,3.4
2023-04-02,6.32,3.4
2023-04-03,6.32,3.4
2023-04-04,6.32,3.4
2023-04-05,6.32,3.4
2023-04-06,6.28,3.4
2023-04-07,6.28,3.4
2023-04-08,6.28,3.4
2023-04-09,6.28,3.4
2023-04-10,6.28,3.4
2023-04-11,6.28,3.4
2023-04-12,6.28,3.4
2023-04-13,6.27,3.4
2023-04-14,6.27,3.4
2023-04-15,6.27,3.4
2023-04-16,6.27,3.4
2023-04-17,6.27,3.4
2023-04-18,6.27,3.4
2023-04-19,6.27,3.4
2023-04-20,6.39,3.4
2023-04-21,6.39,3.4
2023-04-22,6.39,3.4
2023-04-23,6.39,3.4
2023-04-24,6.39,3.4
2023-04-25,6.39,3.4
2023-04-26,6.39,3.4
2023-04-27,6.43,3.4
2023-04-28,6.43,3.4
2023-04-29,6.43,3.4
2023-04-30,6.43,3.4
2023-05-01,6.43,3.6
2023-05-02,6.43,3.6
2023-05-03,6.43,3.6
2023-05-04,6.39,3.6
2023-05-05,6.39,3.6
2023-05-06,6.39,3.6
2023-05-07,6.39,3.6
2023-05-08,6.39,3.6
2023-05-09,6.39,3.6
2023-05-10,6.39,3.6
2023-05-11,6.35,3.6
2023-05-12,6.35,3.6
2023-05-13,6.35,3.6
2023-05-14,6.35,3.6
2023-05-15,6.35,3.6
2023-05-16,6.35,3.6
2023-05-17,6.35,3.6
2023-05-18,6.39,3.6
2023-05-19,6.39,3.6
2023-05-20,6.39,3.6
2023-05-21,6.39,3.6
2023-05-22,6.39,3.6
2023-05-23,6.39,3.6
2023-05-24,6.39,3.6
2023-05-25,6.57,3.6
2023-05-26,6.57,3.6
2023-05-27,6.57,3.6
2023-05-28,6.57,3.6
2023-05-29,6.57,3.6
2023-05-30,6.57,3.6
2023-05-31,6.57,3.6
2023-06-01,6.79,3.6
2023-06-02,6.79,3.6
2023-06-03,6.79,3.6
2023-06-04,6.79,3.6
2023-06-05,6.79,3.6
2023-06-06,6.79,3.6
2023-06-07,6.79,3.6
2023-06-08,6.71,3.6
2023-06-09,6.71,3.6
2023-06-10,6.71,3.6
2023-06-11,6.71,3.6
2023-06-12,6.71,3.6
2023-06-13,6.71,3.6
2023-06-14,6.71,3.6
2023-06-15,6.69,3.6
2023-06-16,6.69,3.6
2023-06-17,6.69,3.6
2023-06-18,6.69,3.6
2023-06-19,6.69,3.6
2023-06-20,6.69,3.6
2023-06-21,6.69,3.6
2023-06-22,6.67,3.6
2023-06-23,6.67,3.6
2023-06-24,6.67,3.6
2023-06-25,6.67,3.6
2023-06-26,6.67,3.6
2023-06-27,6.67,3.6
2023-06-28,6.67,3.6
2023-06-29,6.71,3.6
2023-06-30,6.71,3.6
2023-07-01,6.71,3.5
2023-07-02,6.71,3.5
2023-07-03,6.71,3.5
2023-07-04,6.71,3.5
2023-07-05,6.71,3.5
2023-07-06,6.81,3.5
2023-07-07,6.81,3.5
2023-07-08,6.81,3.5
2023-07-09,6.81,3.5
2023-07-10,6.81,3.5
2023-07-11,6.81,3.5
2023-07-12,6.81,3.5
2023-07-13,6.96,3.5
2023-07-14,6.96,3.5
2023-07-15,6.96,3.5
2023-07-16,6.96,3.5
2023-07-17,6.96,3.5
2023-07-18,6.96,3.5
2023-07-19,6.96,3.5
2023-07-20,6.78,3.5
2023-07-21,6.78,3.5
2023-07-22,6.78,3.5
2023-07-23,6.78,3.5
2023-07-24,6.78,3.5
2023-07-25,6.78,3.5
2023-07-26,6.78,3.5
2023-07-27,6.81,3.5
2023-07-28,6.81,3.5
2023-07-29,6.81,3.5
2023-07-30,6.81,3.5
2023-07-31,6.81,3.5
2023-08-01,6.81,3.7
2023-08-02,6.81,3.7
2023-08-03,6.9,3.7
2023-08-04,6.9,3.7
2023-08-05,6.9,3.7
2023-08-06,6.9,3.7
2023-08-07,6.9,3.7
2023-08-08,6.9,3.7
2023-08-09,6.9,3.7
2023-08-10,6.96,3.7
2023-08-11,6.96,3.7
2023-08-12,6.96,3.7
2023-08-13,6.96,3.7
2023-08-14,6.96,3.7
2023-08-15,6.96,3.7
2023-08-16,6.96,3.7
2023-08-17,7.09,3.7
2023-08-18,7.09,3.7
2023-08-19,7.09,3.7
2023-08-20,7.09,3.7
2023-08-21,7.09,3.7
2023-08-22,7.09,3.7
2023-08-23,7.09,3.7
2023-08-24,7.23,3.7
2023-08-25,7.23,3.7
2023-08-26,7.23,3.7
2023-08-27,7.23,3.7
2023-08-28,7.23,3.7
2023-08-29,7.23,3.7
2023-08-30,7.23,3.7
2023-08-31,7.18,3.7
2023-09-01,7.18,3.7
2023-09-02,7.18,3.7
2023-09-03,7.18,3.7
2023-09-04,7.18,3.7
2023-09-05,7.18,3.7
2023-09-06,7.18,3.7
2023-09-07,7.12,3.7
2023-09-08,7.12,3.7
2023-09-09,7.12,3.7
2023-09-10,7.12,3.7
2023-09-11,7.12,3.7
2023-09-12,7.12,3.7
2023-09-13,7.12,3.7
2023-09-14,7.18,3.7
2023-09-15,7.18,3.7
2023-09-16,7.18,3.7
2023-09-17,7.18,3.7
2023-09-18,7.18,3.7
2023-09-19,7.18,3.7
2023-09-20,7.18,3.7
2023-09-21,7.19,3.7
2023-09-22,7.19,3.7
2023-09-23,7.19,3.7
2023-09-24,7.19,3.7
2023-09-25,7.19,3.7
2023-09-26,7.19,3.7
2023-09-27,7.19,3.7
2023-09-28,7.31,3.7
2023-09-29,7.31,3.7
2023-09-30,7.31,3.7
2023-10-01,7.31,3.9
2023-10-02,7.31,3.9
2023-10-03,7.31,3.9
2023-10-04,7.31,3.9
2023-10-05,7.49,3.9
2023-10-06,7.49,3.9
2023-10-07,7.49,3.9
2023-10-08,7.49,3.9
2023-10-09,7.49,3.9
2023-10-10,7.49,3.9
2023-10-11,7.49,3.9
2023-10-12,7.57,3.9
2023-10-13,7.57,3.9
2023-10-14,7.57,3.9
2023-10-15,7.57,3.9
2023-10-16,7.57,3.9
2023-10-17,7.57,3.9
2023-10-18,7.57,3.9
2023-10-19,7.63,3.9
2023-10-20,7.63,3.9
2023-10-21,7.63,3.9
2023-10-22,7.63,3.9
2023-10-23,7.63,3.9
2023-10-24,7.63,3.9
2023-10-25,7.63,3.9
2023-10-26,7.79,3.9
2023-10-27,7.79,3.9
2023-10-28,7.79,3.9
2023-10-29,7.79,3.9
2023-10-30,7.79,3.9
2023-10-31,7.79,3.9
2023-11-01,7.79,3.7
2023-11-02,7.76,3.7
2023-11-03,7.76,3.7
2023-11-04,7.76,3.7
2023-11-05,7.76,3.7
2023-11-06,7.76,3.7
2023-11-07,7.76,3.7
2023-11-08,7.76,3.7
2023-11-09,7.5,3.7
2023-11-10,7.5,3.7
2023-11-11,7.5,3.7
2023-11-12,7.5,3.7
2023-11-13,7.5,3.7
2023-11-14,7.5,3.7
2023-11-15,7.5,3.7
2023-11-16,7.44,3.7
2023-11-17,7.44,3.7
2023-11-18,7.44,3.7
2023-11-19,7.44,3.7
2023-11-20,7.44,3.7
2023-11-21,7.44,3.7
2023-11-22,7.29,3.7
2023-11-23,7.29,3.7
2023-11-24,7.29,3.7
2023-11-25,7.29,3.7
2023-11-26,7.29,3.7
2023-11-27,7.29,3.7
2023-11-28,7.29,3.7
2023-11-29,7.29,3.7
2023-11-30,7.22,3.7
2023-12-01,7.22,3.8
2023-12-02,7.22,3.8
2023-12-03,7.22,3.8
2023-12-04,7.22,3.8
2023-12-05,7.22,3.8
2023-12-06,7.22,3.8
2023-12-07,7.03,3.8
2023-12-08,7.03,3.8
2023-12-09,7.03,3.8
2023-12-10,7.03,3.8
2023-12-11,7.03,3.8
2023-12-12,7.03,3.8
2023-12-13,7.03,3.8
2023-12-14,6.95,3.8
2023-12-15,6.95,3.8
2023-12-16,6.95,3.8
2023-12-17,6.95,3.8
2023-12-18,6.95,3.8
2023-12-19,6.95,3.8
2023-12-20,6.95,3.8
2023-12-21,6.67,3.8
2023-12-22,6.67,3.8
2023-12-23,6.67,3.8
2023-12-24,6.67,3.8
2023-12-25,6.67,3.8
2023-12-26,6.67,3.8
2023-12-27,6.67,3.8
2023-12-28,6.61,3.8
2023-12-29,6.61,3.8
2023-12-30,6.61,3.8
2023-12-31,6.61,3.8
2024-01-01,6.61,3.7
2024-01-02,6.61,3.7
2024-01-03,6.61,3.7
2024-01-04,6.62,3.7
2024-01-05,6.62,3.7
2024-01-06,6.62,3.7
2024-01-07,6.62,3.7
2024-01-08,6.62,3.7
2024-01-09,6.62,3.7
2024-01-10,6.62,3.7
2024-01-11,6.66,3.7
2024-01-12,6.66,3.7
2024-01-13,6.66,3.7
2024-01-14,6.66,3.7
2024-01-15,6.66,3.7
2024-01-16,6.66,3.7
2024-01-17,6.66,3.7
2024-01-18,6.6,3.7
2024-01-19,6.6,3.7
2024-01-20,6.6,3.7
2024-01-21,6.6,3.7
2024-01-22,6.6,3.7
2024-01-23,6.6,3.7
2024-01-24,6.6,3.7
2024-01-25,6.69,3.7
2024-01-26,6.69,3.7
2024-01-27,6.69,3.7
2024-01-28,6.69,3.7
2024-01-29,6.69,3.7
2024-01-30,6.69,3.7
2024-01-31,6.69,3.7
2024-02-01,6.63,3.9
2024-02-02,6.63,3.9
2024-02-03,6.63,3.9
2024-02-04,6.63,3.9
2024-02-05,6.63,3.9
2024-02-06,6.63,3.9
2024-02-07,6.63,3.9
2024-02-08,6.64,3.9
2024-02-09,6.64,3.9
2024-02-10,6.64,3.9
2024-02-11,6.64,3.9
2024-02-12,6.64,3.9
2024-02-13,6.64,3.9
2024-02-14,6.64,3.9
2024-02-15,6.77,3.9
2024-02-16,6.77,3.9
2024-02-17,6.77,3.9
2024-02-18,6.77,3.9
2024-02-19,6.77,3.9
2024-02-20,6.77,3.9
2024-02-21,6.77,3.9
2024-02-22,6.9,3.9
2024-02-23,6.9,3.9
2024-02-24,6.9,3.9
2024-02-25,6.9,3.9
2024-02-26,6.9,3.9
2024-02-27,6.9,3.9
2024-02-28,6.9,3.9
2024-02-29,6.94,3.9
2024-03-01,6.94,3.9
2024-03-02,6.94,3.9
2024-03-03,6.94,3.9
2024-03-04,6.94,3.9
2024-03-05,6.94,3.9
2024-03-06,6.94,3.9
2024-03-07,6.88,3.9
2024-03-08,6.88,3.9
2024-03-09,6.88,3.9
2024-03-10,6.88,3.9
2024-03-11,6.88,3.9
2024-03-12,6.88,3.9
2024-03-13,6.88,3.9
2024-03-14,6.74,3.9
2024-03-15,6.74,3.9
2024-03-16,6.74,3.9
2024-03-17,6.74,3.9
2024-03-18,6.74,3.9
2024-03-19,6.74,3.9
2024-03-20,6.74,3.9
2024-03-21,6.87,3.9
2024-03-22,6.87,3.9
2024-03-23,6.87,3.9
2024-03-24,6.87,3.9
2024-03-25,6.87,3.9
2024-03-26,6.87,3.9
2024-03-27,6.87,3.9
2024-03-28,6.79,3.9
2024-03-29,6.79,3.9
2024-03-30,6.79,3.9
2024-03-31,6.79,3.9
2024-04-01,6.79,3.9
2024-04-02,6.79,3.9
2024-04-03,6.79,3.9
2024-04-04,6.82,3.9
2024-04-05,6.82,3.9
2024-04-06,6.82,3.9
2024-04-07,6.82,3.9
2024-04-08,6.82,3.9
2024-04-09,6.82,3.9
2024-04-10,6.82,3.9
2024-04-11,6.88,3.9
2024-04-12,6.88,3.9
2024-04-13,6.88,3.9
2024-04-14,6.88,3.9
2024-04-15,6.88,3.9
2024-04-16,6.88,3.9
2024-04-17,6.88,3.9
2024-04-18,7.1,3.9
2024-04-19,7.1,3.9
2024-04-20,7.1,3.9
2024-04-21,7.1,3.9
2024-04-22,7.1,3.9
2024-04-23,7.1,3.9
2024-04-24,7.1,3.9
2024-04-25,7.17,3.9
2024-04-26,7.17,3.9
2024-04-27,7.17,3.9
2024-04-28,7.17,3.9
2024-04-29,7.17,3.9
2024-04-30,7.17,3.9
2024-05-01,7.17,3.9
2024-05-02,7.22,3.9
2024-05-03,7.22,3.9
2024-05-04,7.22,3.9
2024-05-05,7.22,3.9
2024-05-06,7.22,3.9
2024-05-07,7.22,3.9
2024-05-08,7.22,3.9
2024-05-09,7.09,3.9
2024-05-10,7.09,3.9
2024-05-11,7.09,3.9
2024-05-12,7.09,3.9
2024-05-13,7.09,3.9
2024-05-14,7.09,3.9
2024-05-15,7.09,3.9
2024-05-16,7.02,3.9
2024-05-17,7.02,3.9
2024-05-18,7.02,3.9
2024-05-19,7.02,3.9
2024-05-20,7.02,3.9
2024-05-21,7.02,3.9
2024-05-22,7.02,3.9
2024-05-23,6.94,3.9
2024-05-24,6.94,3.9
2024-05-25,6.94,3.9
2024-05-26,6.94,3.9
2024-05-27,6.94,3.9
2024-05-28,6.94,3.9
2024-05-29,6.94,3.9
2024-05-30,7.03,3.9
2024-05-31,7.03,3.9
2024-06-01,7.03,4.1
2024-06-02,7.03,4.1
2024-06-03,7.03,4.1
2024-06-04,7.03,4.1
2024-06-05,7.03,4.1
2024-06-06,6.99,4.1
2024-06-07,6.99,4.1
2024-06-08,6.99,4.1
2024-06-09,6.99,4.1
2024-06-10,6.99,4.1
2024-06-11,6.99,4.1
2024-06-12,6.99,4.1
2024-06-13,6.95,4.1
2024-06-14,6.95,4.1
2024-06-15,6.95,4.1
2024-06-16,6.95,4.1
2024-06-17,6.95,4.1
2024-06-18,6.95,4.1
2024-06-19,6.95,4.1
2024-06-20,6.87,4.1
2024-06-21,6.87,4.1
2024-06-22,6.87,4.1
2024-06-23,6.87,4.1
2024-06-24,6.87,4.1
2024-06-25,6.87,4.1
2024-06-26,6.87,4.1
2024-06-27,6.86,4.1
2024-06-28,6.86,4.1
2024-06-29,6.86,4.1
2024-06-30,6.86,4.1
2024-07-01,6.86,4.2
2024-07-02,6.86,4.2
2024-07-03,6.95,4.2
2024-07-04,6.95,4.2
2024-07-05,6.95,4.2
2024-07-06,6.95,4.2
2024-07-07,6.95,4.2
2024-07-08,6.95,4.2
2024-07-09,6.95,4.2
2024-07-10,6.95,4.2
2024-07-11,6.89,4.2
2024-07-12,6.89,4.2
2024-07-13,6.89,4.2
2024-07-14,6.89,4.2
2024-07-15,6.89,4.2
2024-07-16,6.89,4.2
2024-07-17,6.89,4.2
2024-07-18,6.77,4.2
2024-07-19,6.77,4.2
2024-07-20,6.77,4.2
2024-07-21,6.77,4.2
2024-07-22,6.77,4.2
2024-07-23,6.77,4.2
2024-07-24,6.77,4.2
2024-07-25,6.78,4.2
2024-07-26,6.78,4.2
2024-07-27,6.78,4.2
2024-07-28,6.78,4.2
2024-07-29,6.78,4.2
2024-07-30,6.78,4.2
2024-07-31,6.78,4.2
2024-08-01,6.73,4.2
2024-08-02,6.73,4.2
2024-08-03,6.73,4.2
2024-08-04,6.73,4.2
2024-08-05,6.73,4.2
2024-08-06,6.73,4.2
2024-08-07,6.73,4.2
2024-08-08,6.47,4.2
2024-08-09,6.47,4.2
2024-08-10,6.47,4.2
2024-08-11,6.47,4.2
2024-08-12,6.47,4.2
2024-08-13,6.47,4.2
2024-08-14,6.47,4.2
2024-08-15,6.49,4.2
2024-08-16,6.49,4.2
2024-08-17,6.49,4.2
2024-08-18,6.49,4.2
2024-08-19,6.49,4.2
2024-08-20,6.49,4.2
2024-08-21,6.49,4.2
2024-08-22,6.46,4.2
2024-08-23,6.46,4.2
2024-08-24,6.46,4.2
2024-08-25,6.46,4.2
2024-08-26,6.46,4.2
2024-08-27,6.46,4.2
2024-08-28,6.46,4.2
2024-08-29,6.35,4.2
2024-08-30,6.35,4.2
2024-08-31,6.35,4.2
2024-09-01,6.35,4.1
2024-09-02,6.35,4.1
2024-09-03,6.35,4.1
2024-09-04,6.35,4.1
2024-09-05,6.35,4.1
2024-09-06,6.35,4.1
2024-09-07,6.35,4.1
2024-09-08,6.35,4.1
2024-09-09,6.35,4.1
2024-09-10,6.35,4.1
2024-09-11,6.35,4.1
2024-09-12,6.2,4.1
2024-09-13,6.2,4.1
2024-09-14,6.2,4.1
2024-09-15,6.2,4.1
2024-09-16,6.2,4.1
2024-09-17,6.2,4.1
2024-09-18,6.2,4.1
2024-09-19,6.09,4.1
2024-09-20,6.09,4.1
2024-09-21,6.09,4.1
2024-09-22,6.09,4.1
2024-09-23,6.09,4.1
2024-09-24,6.09,4.1
2024-09-25,6.09,4.1
2024-09-26,6.08,4.1
2024-09-27,6.08,4.1
2024-09-28,6.08,4.1
2024-09-29,6.08,4.1
2024-09-30,6.08,4.1
2024-10-01,6.08,4.1
2024-10-02,6.08,4.1
2024-10-03,6.12,4.1
2024-10-04,6.12,4.1
2024-10-05,6.12,4.1
2024-10-06,6.12,4.1
2024-10-07,6.12,4.1
2024-10-08,6.12,4.1
2024-10-09,6.12,4.1
2024-10-10,6.32,4.1
2024-10-11,6.32,4.1
2024-10-12,6.32,4.1
2024-10-13,6.32,4.1
2024-10-14,6.32,4.1
2024-10-15,6.32,4.1
2024-10-16,6.32,4.1
2024-10-17,6.44,4.1
2024-10-18,6.44,4.1
2024-10-19,6.44,4.1
2024-10-20,6.44,4.1
2024-10-21,6.44,4.1
2024-10-22,6.44,4.1
2024-10-23,6.44,4.1
2024-10-24,6.54,4.1
2024-10-25,6.54,4.1
2024-10-26,6.54,4.1
2024-10-27,6.54,4.1
2024-10-28,6.54,4.1
2024-10-29,6.54,4.1
2024-10-30,6.54,4.1
2024-10-31,6.72,4.1
2024-11-01,6.72,4.2
2024-11-02,6.72,4.2
2024-11-03,6.72,4.2
2024-11-04,6.72,4.2
2024-11-05,6.72,4.2
2024-11-06,6.72,4.2
2024-11-07,6.79,4.2
2024-11-08,6.79,4.2
2024-11-09,6.79,4.2
2024-11-10,6.79,4.2
2024-11-11,6.79,4.2
2024-11-12,6.79,4.2
2024-11-13,6.79,4.2
2024-11-14,6.78,4.2
2024-11-15,6.78,4.2
2024-11-16,6.78,4.2
2024-11-17,6.78,4.2
2024-11-18,6.78,4.2
2024-11-19,6.78,4.2
2024-11-20,6.78,4.2
2024-11-21,6.84,4.2
2024-11-22,6.84,4.2
2024-11-23,6.84,4.2
2024-11-24,6.84,4.2
2024-11-25,6.84,4.2
2024-11-26,6.84,4.2
2024-11-27,6.81,4.2
2024-11-28,6.81,4.2
2024-11-29,6.81,4.2
2024-11-30,6.81,4.2
2024-12-01,6.81,4.1
2024-12-02,6.81,4.1
2024-12-03,6.81,4.1
2024-12-04,6.81,4.1
2024-12-05,6.69,4.1
2024-12-06,6.69,4.1
2024-12-07,6.69,4.1
2024-12-08,6.69,4.1
2024-12-09,6.69,4.1
2024-12-10,6.69,4.1
2024-12-11,6.69,4.1
2024-12-12,6.6,4.1
2024-12-13,6.6,4.1
2024-12-14,6.6,4.1
2024-12-15,6.6,4.1
2024-12-16,6.6,4.1
2024-12-17,6.6,4.1
2024-12-18,6.6,4.1
2024-12-19,6.72,4.1
2024-12-20,6.72,4.1
2024-12-21,6.72,4.1
2024-12-22,6.72,4.1
2024-12-23,6.72,4.1
2024-12-24,6.72,4.1
2024-12-25,6.72,4.1
2024-12-26,6.85,4.1
2024-12-27,6.85,4.1
2024-12-28,6.85,4.1
2024-12-29,6.85,4.1
2024-12-30,6.85,4.1
2024-12-31,6.85,4.1
2025-01-01,6.85,4.0
2025-01-02,6.91,4.0
2025-01-03,6.91,4.0
2025-01-04,6.91,4.0
2025-01-05,6.91,4.0
2025-01-06,6.91,4.0
2025-01-07,6.91,4.0
2025-01-08,6.91,4.0
2025-01-09,6.93,4.0
2025-01-10,6.93,4.0
2025-01-11,6.93,4.0
2025-01-12,6.93,4.0
2025-01-13,6.93,4.0
2025-01-14,6.93,4.0
2025-01-15,6.93,4.0
2025-01-16,7.04,4.0
2025-01-17,7.04,4.0
2025-01-18,7.04,4.0
2025-01-19,7.04,4.0
2025-01-20,7.04,4.0
2025-01-21,7.04,4.0
2025-01-22,7.04,4.0
2025-01-23,6.96,4.0
2025-01-24,6.96,4.0
2025-01-25,6.96,4.0
2025-01-26,6.96,4.0
2025-01-27,6.96,4.0
2025-01-28,6.96,4.0
2025-01-29,6.96,4.0
2025-01-30,6.95,4.0
2025-01-31,6.95,4.0
2025-02-01,6.95,4.2
2025-02-02,6.95,4.2
2025-02-03,6.95,4.2
2025-02-04,6.95,4.2
2025-02-05,6.95,4.2
2025-02-06,6.89,4.2
2025-02-07,6.89,4.2
2025-02-08,6.89,4.2
2025-02-09,6.89,4.2
2025-02-10,6.89,4.2
2025-02-11,6.89,4.2
2025-02-12,6.89,4.2
2025-02-13,6.87,4.2
2025-02-14,6.87,4.2
2025-02-15,6.87,4.2
2025-02-16,6.87,4.2
2025-02-17,6.87,4.2
2025-02-18,6.87,4.2
2025-02-19,6.87,4.2
2025-02-20,6.85,4.2
2025-02-21,6.85,4.2
2025-02-22,6.85,4.2
2025-02-23,6.85,4.2
2025-02-24,6.85,4.2
2025-02-25,6.85,4.2
2025-02-26,6.85,4.2
2025-02-27,6.76,4.2
2025-02-28,6.76,4.2
2025-03-01,6.76,4.2
2025-03-02,6.76,4.2
2025-03-03,6.76,4.2
2025-03-04,6.76,4.2
2025-03-05,6.76,4.2
2025-03-06,6.63,4.2
2025-03-07,6.63,4.2
2025-03-08,6.63,4.2
2025-03-09,6.63,4.2
2025-03-10,6.63,4.2
2025-03-11,6.63,4.2
2025-03-12,6.63,4.2
2025-03-13,6.65,4.2
2025-03-14,6.65,4.2
2025-03-15,6.65,4.2
2025-03-16,6.65,4.2
2025-03-17,6.65,4.2
2025-03-18,6.65,4.2
2025-03-19,6.65,4.2
2025-03-20,6.67,4.2
2025-03-21,6.67,4.2
2025-03-22,6.67,4.2
2025-03-23,6.67,4.2
2025-03-24,6.67,4.2
2025-03-25,6.67,4.2
2025-03-26,6.67,4.2
2025-03-27,6.65,4.2
2025-03-28,6.65,4.2
2025-03-29,6.65,4.2
2025-03-30,6.65,4.2
2025-03-31,6.65,4.2
2025-04-01,6.65,4.2
2025-04-02,6.65,4.2
2025-04-03,6.64,4.2
2025-04-04,6.64,4.2
2025-04-05,6.64,4.2
2025-04-06,6.64,4.2
2025-04-07,6.64,4.2
2025-04-08,6.64,4.2
2025-04-09,6.64,4.2
2025-04-10,6.62,4.2
2025-04-11,6.62,4.2
2025-04-12,6.62,4.2
2025-04-13,6.62,4.2
2025-04-14,6.62,4.2
2025-04-15,6.62,4.2
2025-04-16,6.62,4.2
2025-04-17,6.83,4.2
2025-04-18,6.83,4.2
2025-04-19,6.83,4.2
2025-04-20,6.83,4.2
2025-04-21,6.83,4.2
2025-04-22,6.83,4.2
2025-04-23,6.83,4.2
2025-04-24,6.81,4.2
2025-04-25,6.81,4.2
2025-04-26,6.81,4.2
2025-04-27,6.81,4.2
2025-04-28,6.81,4.2
2025-04-29,6.81,4.2
2025-04-30,6.81,4.2
2025-05-01,6.76,4.3
2025-05-02,6.76,4.3
2025-05-03,6.76,4.3
2025-05-04,6.76,4.3
2025-05-05,6.76,4.3
2025-05-06,6.76,4.3
2025-05-07,6.76,4.3
2025-05-08,6.76,4.3
2025-05-09,6.76,4.3
2025-05-10,6.76,4.3
2025-05-11,6.76,4.3
2025-05-12,6.76,4.3
2025-05-13,6.76,4.3
2025-05-14,6.76,4.3
2025-05-15,6.81,4.3
2025-05-16,6.81,4.3
2025-05-17,6.81,4.3
2025-05-18,6.81,4.3
2025-05-19,6.81,4.3
2025-05-20,6.81,4.3
2025-05-21,6.81,4.3
2025-05-22,6.86,4.3
2025-05-23,6.86,4.3
2025-05-24,6.86,4.3
2025-05-25,6.86,4.3
2025-05-26,6.86,4.3
2025-05-27,6.86,4.3
2025-05-28,6.86,4.3
2025-05-29,6.89,4.3
2025-05-30,6.89,4.3
2025-05-31,6.89,4.3
2025-06-01,6.89,4.1
2025-06-02,6.89,4.1
2025-06-03,6.89,4.1
2025-06-04,6.89,4.1
2025-06-05,6.85,4.1
2025-06-06,6.85,4.1
2025-06-07,6.85,4.1
2025-06-08,6.85,4.1
2025-06-09,6.85,4.1
2025-06-10,6.85,4.1
2025-06-11,6.85,4.1
2025-06-12,6.84,4.1
2025-06-13,6.84,4.1
2025-06-14,6.84,4.1
2025-06-15,6.84,4.1
2025-06-16,6.84,4.1
2025-06-17,6.84,4.1
2025-06-18,6.81,4.1
2025-06-19,6.81,4.1
2025-06-20,6.81,4.1
2025-06-21,6.81,4.1
2025-06-22,6.81,4.1
2025-06-23,6.81,4.1
2025-06-24,6.81,4.1
2025-06-25,6.81,4.1
2025-06-26,6.77,4.1
2025-06-27,6.77,4.1
2025-06-28,6.77,4.1
2025-06-29,6.77,4.1
2025-06-30,6.77,4.1
2025-07-01,6.77,4.3
2025-07-02,6.77,4.3
2025-07-03,6.67,4.3
2025-07-04,6.67,4.3
2025-07-05,6.67,4.3
2025-07-06,6.67,4.3
2025-07-07,6.67,4.3
2025-07-08,6.67,4.3
2025-07-09,6.67,4.3
2025-07-10,6.72,4.3
2025-07-11,6.72,4.3
2025-07-12,6.72,4.3
2025-07-13,6.72,4.3
2025-07-14,6.72,4.3
2025-07-15,6.72,4.3
2025-07-16,6.72,4.3
2025-07-17,6.75,4.3
2025-07-18,6.75,4.3
2025-07-19,6.75,4.3
2025-07-20,6.75,4.3
2025-07-21,6.75,4.3
2025-07-22,6.75,4.3
2025-07-23,6.75,4.3
2025-07-24,6.74,4.3
2025-07-25,6.74,4.3
2025-07-26,6.74,4.3
2025-07-27,6.74,4.3
2025-07-28,6.74,4.3
2025-07-29,6.74,4.3
2025-07-30,6.74,4.3
2025-07-31,6.72,4.3
2025-08-01,6.72,4.3
2025-08-02,6.72,4.3
2025-08-03,6.72,4.3
2025-08-04,6.72,4.3
2025-08-05,6.72,4.3
2025-08-06,6.72,4.3
2025-08-07,6.63,4.3
2025-08-08,6.63,4.3
2025-08-09,6.63,4.3
2025-08-10,6.63,4.3
2025-08-11,6.63,4.3
2025-08-12,6.63,4.3
2025-08-13,6.63,4.3
2025-08-14,6.58,4.3
2025-08-15,6.58,4.3
2025-08-16,6.58,4.3
2025-08-17,6.58,4.3
2025-08-18,6.58,4.3
2025-08-19,6.58,4.3
2025-08-20,6.58,4.3
2025-08-21,6.58,4.3
2025-08-22,6.58,4.3
2025-08-23,6.58,4.3
2025-08-24,6.58,4.3
2025-08-25,6.58,4.3
2025-08-26,6.58,4.3
2025-08-27,6.58,4.3
2025-08-28,6.56,4.3
2025-08-29,6.56,4.3
2025-08-30,6.56,4.3
2025-08-31,6.56,4.3
2025-09-01,6.56,4.4
2025-09-02,6.56,4.4
2025-09-03,6.56,4.4
2025-09-04,6.5,4.4
2025-09-05,6.5,4.4
2025-09-06,6.5,4.4
2025-09-07,6.5,4.4
2025-09-08,6.5,4.4
2025-09-09,6.5,4.4
2025-09-10,6.5,4.4
2025-09-11,6.35,4.4
2025-09-12,6.35,4.4
2025-09-13,6.35,4.4
2025-09-14,6.35,4.4
2025-09-15,6.35,4.4
2025-09-16,6.35,4.4
2025-09-17,6.35,4.4
2025-09-18,6.26,4.4
2025-09-19,6.26,4.4
2025-09-20,6.26,4.4
2025-09-21,6.26,4.4
2025-09-22,6.26,4.4
2025-09-23,6.26,4.4
2025-09-24,6.26,4.4
2025-09-25,6.3,4.4
2025-09-26,6.3,4.4
2025-09-27,6.3,4.4
2025-09-28,6.3,4.4
2025-09-29,6.3,4.4
2025-09-30,6.3,4.4
2025-10-01,6.3,4.4
2025-10-02,6.34,4.4
2025-10-03,6.34,4.4
2025-10-04,6.34,4.4
2025-10-05,6.34,4.4
2025-10-06,6.34,4.4
2025-10-07,6.34,4.4
2025-10-08,6.34,4.4
2025-10-09,6.3,4.4
2025-10-10,6.3,4.4
2025-10-11,6.3,4.4
2025-10-12,6.3,4.4
2025-10-13,6.3,4.4
2025-10-14,6.3,4.4
2025-10-15,6.3,4.4
2025-10-16,6.27,4.4
2025-10-17,6.27,4.4
2025-10-18,6.27,4.4
2025-10-19,6.27,4.4
2025-10-20,6.27,4.4
2025-10-21,6.27,4.4
2025-10-22,6.27,4.4
2025-10-23,6.19,4.4
2025-10-24,6.19,4.4
2025-10-25,6.19,4.4
2025-10-26,6.19,4.4
2025-10-27,6.19,4.4
2025-10-28,6.19,4.4
2025-10-29,6.19,4.4
2025-10-30,6.17,4.4
2025-10-31,6.17,4.4
2025-11-01,6.17,4.5
2025-11-02,6.17,4.5
2025-11-03,6.17,4.5
2025-11-04,6.17,4.5
2025-11-05,6.17,4.5
2025-11-06,6.22,4.5
2025-11-07,6.22,4.5
2025-11-08,6.22,4.5
2025-11-09,6.22,4.5
2025-11-10,6.22,4.5
2025-11-11,6.22,4.5
2025-11-12,6.22,4.5
2025-11-13,6.24,4.5
2025-11-14,6.24,4.5
2025-11-15,6.24,4.5
2025-11-16,6.24,4.5
2025-11-17,6.24,4.5
2025-11-18,6.24,4.5
2025-11-19,6.24,4.5
2025-11-20,6.26,4.5
2025-11-21,6.26,4.5
2025-11-22,6.26,4.5
2025-11-23,6.26,4.5
2025-11-24,6.26,4.5
2025-11-25,6.26,4.5
2025-11-26,6.23,4.5
2025-11-27,6.23,4.5
2025-11-28,6.23,4.5
2025-11-29,6.23,4.5
2025-11-30,6.23,4.5
2025-12-01,6.23,4.4
2025-12-02,6.23,4.4
2025-12-03,6.23,4.4
2025-12-04,6.19,4.4
2025-12-05,6.19,4.4
2025-12-06,6.19,4.4
2025-12-07,6.19,4.4
2025-12-08,6.19,4.4
2025-12-09,6.19,4.4
2025-12-10,6.19,4.4
2025-12-11,6.22,4.4
2025-12-12,6.22,4.4
2025-12-13,6.22,4.4
2025-12-14,6.22,4.4
2025-12-15,6.22,4.4
2025-12-16,6.22,4.4
2025-12-17,6.22,4.4
2025-12-18,6.21,4.4
2025-12-19,6.21,4.4
2025-12-20,6.21,4.4
2025-12-21,6.21,4.4
2025-12-22,6.21,4.4
2025-12-23,6.21,4.4
2025-12-24,6.18,4.4
2025-12-25,6.18,4.4
2025-12-26,6.18,4.4
2025-12-27,6.18,4.4
2025-12-28,6.18,4.4
2025-12-29,6.18,4.4
2025-12-30,6.18,4.4
2025-12-31,6.15,4.4
2026-01-01,6.15,4.3
2026-01-02,6.15,4.3
2026-01-03,6.15,4.3
2026-01-04,6.15,4.3
2026-01-05,6.15,4.3
2026-01-06,6.15,4.3
2026-01-07,6.15,4.3
2026-01-08,6.16,4.3
2026-01-09,6.16,4.3
2026-01-10,6.16,4.3
2026-01-11,6.16,4.3
2026-01-12,6.16,4.3
2026-01-13,6.16,4.3
2026-01-14,6.16,4.3
2026-01-15,6.06,4.3
2026-01-16,6.06,4.3
2026-01-17,6.06,4.3
2026-01-18,6.06,4.3
2026-01-19,6.06,4.3
2026-01-20,6.06,4.3
2026-01-21,6.06,4.3
2026-01-22,6.09,4.3
2026-01-23,6.09,4.3
2026-01-24,6.09,4.3
2026-01-25,6.09,4.3
2026-01-26,6.09,4.3
2026-01-27,6.09,4.3
2026-01-28,6.09,4.3
2026-01-29,6.1,4.3
2026-01-30,6.1,4.3
2026-01-31,6.1,4.3
2026-02-01,6.1,4.4
2026-02-02,6.1,4.4
2026-02-03,6.1,4.4
2026-02-04,6.1,4.4
2026-02-05,6.11,4.4
2026-02-06,6.11,4.4
2026-02-07,6.11,4.4
2026-02-08,6.11,4.4
2026-02-09,6.11,4.4
2026-02-10,6.11,4.4
2026-02-11,6.11,4.4
2026-02-12,6.09,4.4
2026-02-13,6.09,4.4
2026-02-14,6.09,4.4
2026-02-15,6.09,4.4
2026-02-16,6.09,4.4
2026-02-17,6.09,4.4
2026-02-18,6.09,4.4
2026-02-19,6.01,4.4
2026-02-20,6.01,4.4
2026-02-21,6.01,4.4
2026-02-22,6.01,4.4
2026-02-23,6.01,4.4
2026-02-24,6.01,4.4
2026-02-25,6.01,4.4
2026-02-26,5.98,4.4
2026-02-27,5.98,4.4
2026-02-28,5.98,4.4
2026-03-01,5.98,4.3
2026-03-02,5.98,4.3
2026-03-03,5.98,4.3
2026-03-04,5.98,4.3
2026-03-05,6.0,4.3
2026-03-06,6.0,4.3
2026-03-07,6.0,4.3
2026-03-08,6.0,4.3
2026-03-09,6.0,4.3
2026-03-10,6.0,4.3
2026-03-11,6.0,4.3
2026-03-12,6.11,4.3
2026-03-13,6.11,4.3
2026-03-14,6.11,4.3
2026-03-15,6.11,4.3
2026-03-16,6.11,4.3
2026-03-17,6.11,4.3
2026-03-18,6.11,4.3
2026-03-19,6.22,4.3
2026-03-20,6.22,4.3
2026-03-21,6.22,4.3
2026-03-22,6.22,4.3
2026-03-23,6.22,4.3
2026-03-24,6.22,4.3
2026-03-25,6.22,4.3
2026-03-26,6.38,4.3
2026-03-27,6.38,4.3
2026-03-28,6.38,4.3
2026-03-29,6.38,4.3
2026-03-30,6.38,4.3
2026-03-31,6.38,4.3
2026-04-01,6.38,4.3
2026-04-02,6.46,4.3
2026-04-03,6.46,4.3
2026-04-04,6.46,4.3
2026-04-05,6.46,4.3
2026-04-06,6.46,4.3
2026-04-07,6.46,4.3
2026-04-08,6.46,4.3
2026-04-09,6.37,4.3
2026-04-10,6.37,4.3
2026-04-11,6.37,4.3
2026-04-12,6.37,4.3
2026-04-13,6.37,4.3
2026-04-14,6.37,4.3
2026-04-15,6.37,4.3
2026-04-16,6.3,4.3
2026-04-17,6.3,4.3
2026-04-18,6.3,4.3
2026-04-19,6.3,4.3
2026-04-20,6.3,4.3
2026-04-21,6.3,4.3
2026-04-22,6.3,4.3
2026-04-23,6.23,4.3
2026-04-24,6.23,4.3
2026-04-25,6.23,4.3
2026-04-26,6.23,4.3
2026-04-27,6.23,4.3
2026-04-28,6.23,4.3
2026-04-29,6.23,4.3
2026-04-30,6.3,4.3
2026-05-01,6.3,4.3
2026-05-02,6.3,4.3
2026-05-03,6.3,4.3
2026-05-04,6.3,4.3
2026-05-05,6.3,4.3
2026-05-06,6.3,4.3
2026-05-07,6.37,4.3
2026-05-08,6.37,4.3
2026-05-09,6.37,4.3
2026-05-10,6.37,4.3
2026-05-11,6.37,4.3
2026-05-12,6.37,4.3
2026-05-13,6.37,4.3
2026-05-14,6.36,4.3
2026-05-15,6.36,4.3
2026-05-16,6.36,4.3
2026-05-17,6.36,4.3
2026-05-18,6.36,4.3
2026-05-19,6.36,4.3
2026-05-20,6.36,4.3
2026-05-21,6.51,4.3
2026-05-22,6.51,4.3
2026-05-23,6.51,4.3
2026-05-24,6.51,4.3
2026-05-25,6.51,4.3
2026-05-26,6.51,4.3
2026-05-27,6.51,4.3
2026-05-28,6.53,4.3
2026-05-29,6.53,4.3
2026-05-30,6.53,4.3
2026-05-31,6.53,4.3
2026-06-01,6.53,4.3
2026-06-02,6.53,4.3
2026-06-03,6.53,4.3
2026-06-04,6.48,4.3
2026-06-05,6.48,4.3
2026-06-06,6.48,4.3
2026-06-07,6.48,4.3
2026-06-08,6.48,4.3
2026-06-09,6.48,4.3
2026-06-10,6.48,4.3
2026-06-11,6.52,4.3
2026-06-12,6.52,4.3
2026-06-13,6.52,4.3
2026-06-14,6.52,4.3
2026-06-15,6.52,4.3
2026-06-16,6.52,4.3
