sale_date,sale_price,sale_nbr,lat,lng,sqft,sqft_lot,year_built,year_reno,beds,baths,address,city,zipcode,property_type,h3_07,community
2025-09-11,1095000.0,"5510-3rd-Ave-NW,-Seattle,-WA-98107",47.669005,-122.360579,2500.0,6733.0,1979.0,,3.0,2.0,"5510 3rd Ave NW, Seattle, WA 98107",Seattle,98107,Single Family,8728d5476ffffff,9
2025-09-11,534000.0,"3130-Sw-97th-St,-Seattle,-WA-98126",47.516864,-122.373477,740.0,6840.0,1942.0,,2.0,1.0,"3130 Sw 97th St, Seattle, WA 98126",Seattle,98126,Single Family,8728d5574ffffff,9
2025-09-11,350000.0,"210-Sw-156th-St,-Burien,-WA-98166",47.463538,-122.337031,1070.0,7558.0,1958.0,,3.0,1.0,"210 Sw 156th St, Burien, WA 98166",Burien,98166,Single Family,8728d5cd3ffffff,38
2025-09-11,850000.0,"1009-Ne-70th-St,-Seattle,-WA-98115",47.67926,-122.31689,2040.0,4590.0,1925.0,,4.0,2.0,"1009 Ne 70th St, Seattle, WA 98115",Seattle,98115,Single Family,8728d5408ffffff,9
2025-09-11,650000.0,"1125-24th-Ave-S,-Seattle,-WA-98144",47.592367,-122.301758,910.0,1639.0,2007.0,,2.0,1.5,"1125 24th Ave S, Seattle, WA 98144",Seattle,98144,Single Family,8728d5425ffffff,9
2025-09-12,1435000.0,"10733-126th-Pl-NE,-Kirkland,-WA-98033",47.697366,-122.172577,2080.0,7200.0,1975.0,,4.0,2.5,"10733 126th Pl NE, Kirkland, WA 98033",Kirkland,98033,Single Family,8728d5413ffffff,59
2025-09-12,1475000.0,"6306-17th-Ave-NE,-Seattle,-WA-98115",47.675007,-122.309492,2750.0,4080.0,1900.0,,4.0,2.5,"6306 17th Ave NE, Seattle, WA 98115",Seattle,98115,Single Family,8728d540cffffff,9
2025-09-12,850000.0,"7407-25th-Ave-NE,-Seattle,-WA-98115",47.68228,-122.301091,2280.0,6204.0,1978.0,,5.0,2.5,"7407 25th Ave NE, Seattle, WA 98115",Seattle,98115,Single Family,8728d5408ffffff,9
2025-09-12,819000.0,"2222-Ne-80th-St,-Seattle,-WA-98115",47.686759,-122.303522,1470.0,7198.0,1938.0,,3.0,1.0,"2222 Ne 80th St, Seattle, WA 98115",Seattle,98115,Single Family,8728d5408ffffff,9
2025-09-12,570000.0,"746-N-88th-St,-Seattle,-WA-98103",47.692904,-122.347838,770.0,5100.0,1928.0,,1.0,1.0,"746 N 88th St, Seattle, WA 98103",Seattle,98103,Single Family,8728d5409ffffff,9
2025-09-12,380363.0,"4015-Burton-Pl-W,-Seattle,-WA-98199",47.656269,-122.388982,780.0,5750.0,1918.0,,3.0,1.0,"4015 Burton Pl W, Seattle, WA 98199",Seattle,98199,Single Family,8728d5474ffffff,9
2025-09-12,530000.0,"704-N-104th-St,-Seattle,-WA-98133",47.704554,-122.349694,1296.0,3842.0,1946.0,,3.0,1.0,"704 N 104th St, Seattle, WA 98133",Seattle,98133,Single Family,8728d5454ffffff,9
2025-09-12,1950000.0,"3734-113th-Ave-NE,-Bellevue,-WA-98004",47.644263,-122.189211,2670.0,10850.0,1982.0,,3.0,2.0,"3734 113th Ave NE, Bellevue, WA 98004",Bellevue,98004,Single Family,8728d5433ffffff,36
2025-09-12,915000.0,"7746-13th-Ave-NW,-Seattle,-WA-98117",47.686463,-122.372383,1520.0,5796.0,1910.0,,3.0,1.0,"7746 13th Ave NW, Seattle, WA 98117",Seattle,98117,Single Family,8728d5472ffffff,9
2025-09-12,2600000.0,"8509-Ne-27th-Pl,-Clyde-Hill,-WA-98004",47.634494,-122.22491,3130.0,21564.0,1967.0,,4.0,2.0,"8509 Ne 27th Pl, Clyde Hill, WA 98004",Clyde Hill,98004,Single Family,8728d5406ffffff,15
2025-09-12,1335000.0,"7316-Jones-Ave-NW,-Seattle,-WA-98117",47.68189,-122.386256,2450.0,5100.0,1913.0,,4.0,2.5,"7316 Jones Ave NW, Seattle, WA 98117",Seattle,98117,Single Family,8728d5473ffffff,9
2025-09-12,950000.0,"12528-Se-70th-St,-Newcastle,-WA-98056",47.540298,-122.172686,1930.0,11031.0,1967.0,,4.0,1.5,"12528 Se 70th St, Newcastle, WA 98056",Newcastle,98056,Single Family,8728d5513ffffff,7
2025-09-12,1025000.0,"7716-38th-Ave-SW,-Seattle,-WA-98126",47.533002,-122.380261,1970.0,7436.0,1950.0,,3.0,1.5,"7716 38th Ave SW, Seattle, WA 98126",Seattle,98126,Single Family,8728d5570ffffff,9
2025-09-12,950000.0,"15015-27th-Ave-NE,-Shoreline,-WA-98155",47.737908,-122.299693,1850.0,8171.0,1947.0,,4.0,2.0,"15015 27th Ave NE, Shoreline, WA 98155",Shoreline,98155,Single Family,8728d54e0ffffff,59
2025-09-12,1250000.0,"4364-151st-Ave-SE,-Bellevue,-WA-98006",47.568172,-122.138067,2160.0,10620.0,1954.0,,5.0,3.0,"4364 151st Ave SE, Bellevue, WA 98006",Bellevue,98006,Single Family,8728d55acffffff,7
2025-09-15,490000.0,"6148-S-Langston-Rd,-Seattle,-WA-98178",47.489714,-122.255932,1020.0,8750.0,1928.0,,3.0,1.0,"6148 S Langston Rd, Seattle, WA 98178",Seattle,98178,Single Family,8728d5504ffffff,38
2025-09-15,780000.0,"8256-Ashworth-Ave-N,-Seattle,-WA-98103",47.690362,-122.338833,750.0,7250.0,1943.0,,2.0,1.0,"8256 Ashworth Ave N, Seattle, WA 98103",Seattle,98103,Single Family,8728d5409ffffff,9
2025-09-15,637000.0,"2217-Ne-9th-St,-Renton,-WA-98056",47.497142,-122.188778,1600.0,5101.0,1942.0,,4.0,1.5,"2217 Ne 9th St, Renton, WA 98056",Renton,98056,Single Family,8728d5533ffffff,38
2025-09-15,750000.0,"5955-23rd-Ave-S,-Seattle,-WA-98108",47.54823,-122.304778,2480.0,5952.0,1957.0,,4.0,2.5,"5955 23rd Ave S, Seattle, WA 98108",Seattle,98108,Single Family,8728d5508ffffff,38
2025-09-15,6200000.0,"2320-85th-Pl-NE,-Clyde-Hill,-WA-98004",47.631613,-122.226618,5180.0,21477.0,2021.0,,6.0,4.0,"2320 85th Pl NE, Clyde Hill, WA 98004",Clyde Hill,98004,Single Family,8728d5431ffffff,15
2025-09-15,289710.0,"11658-42nd-Ave-S,-Tukwila,-WA-98168",47.498437,-122.279879,1120.0,10912.0,1908.0,,2.0,1.0,"11658 42nd Ave S, Tukwila, WA 98168",Tukwila,98168,Single Family,8728d5505ffffff,38
2025-09-15,1450000.0,"16517-Ne-2nd-Pl,-Bellevue,-WA-98008",47.611984,-122.119185,2900.0,15535.0,1961.0,,4.0,2.5,"16517 Ne 2nd Pl, Bellevue, WA 98008",Bellevue,98008,Single Family,8728d558cffffff,59
2025-09-15,1170000.0,"9315-California-Ave-SW,-Seattle,-WA-98136",47.519431,-122.387545,2120.0,5000.0,1975.0,,3.0,2.0,"9315 California Ave SW, Seattle, WA 98136",Seattle,98136,Single Family,8728d5570ffffff,9
2025-09-15,1000000.0,"12225-105th-Ave-NE,-Kirkland,-WA-98034",47.709725,-122.202187,2200.0,8360.0,1969.0,,4.0,3.0,"12225 105th Ave NE, Kirkland, WA 98034",Kirkland,98034,Single Family,8728d541affffff,59
2025-09-15,985000.0,"15424-Se-8th-St,-Bellevue,-WA-98007",47.602932,-122.13426,1850.0,8400.0,1956.0,,3.0,1.5,"15424 Se 8th St, Bellevue, WA 98007",Bellevue,98007,Single Family,8728d55abffffff,59
2025-09-15,4150000.0,"1288-106th-Pl-NE,-Bellevue,-WA-98004",47.622132,-122.19812,4340.0,9185.0,2017.0,,5.0,3.5,"1288 106th Pl NE, Bellevue, WA 98004",Bellevue,98004,Single Family,8728d5430ffffff,36
2025-09-15,3675000.0,"1422-8th-Ave-W,-Seattle,-WA-98119",47.631846,-122.36735,3430.0,10800.0,1906.0,,4.0,2.5,"1422 8th Ave W, Seattle, WA 98119",Seattle,98119,Single Family,8728d5429ffffff,9
2025-09-16,1300000.0,"4101-22nd-Ave-SW,-Seattle,-WA-98106",47.566392,-122.361528,2770.0,5000.0,1993.0,,3.0,2.5,"4101 22nd Ave SW, Seattle, WA 98106",Seattle,98106,Single Family,8728d5554ffffff,9
2025-09-16,1740000.0,"2020-E-Lynn-St,-Seattle,-WA-98112",47.639757,-122.304582,2800.0,4000.0,1916.0,,3.0,2.5,"2020 E Lynn St, Seattle, WA 98112",Seattle,98112,Single Family,8728d542affffff,59
2025-09-16,1090000.0,"1503-Ne-63rd-St,-Seattle,-WA-98115",47.674565,-122.311634,1960.0,4788.0,1920.0,,3.0,1.5,"1503 Ne 63rd St, Seattle, WA 98115",Seattle,98115,Single Family,8728d540cffffff,9
2025-09-16,780000.0,"8226-Meridian-Ave-N,-Seattle,-WA-98103",47.689551,-122.332849,2240.0,5998.0,1921.0,,4.0,2.0,"8226 Meridian Ave N, Seattle, WA 98103",Seattle,98103,Single Family,8728d5409ffffff,9
2025-09-16,1400000.0,"5206-Wallingford-Ave-N,-Seattle,-WA-98103",47.666787,-122.336058,1480.0,5617.0,1909.0,,3.0,1.0,"5206 Wallingford Ave N, Seattle, WA 98103",Seattle,98103,Single Family,8728d540dffffff,9
2025-09-16,880000.0,"3232-26th-Ave-W,-Seattle,-WA-98199",47.649442,-122.389411,2220.0,5040.0,1960.0,,4.0,1.0,"3232 26th Ave W, Seattle, WA 98199",Seattle,98199,Single Family,8728d5474ffffff,9
2025-09-16,700000.0,"2303-Minor-Ave-E,-Seattle,-WA-98102",47.639912,-122.32861,800.0,1050.0,1944.0,,2.0,1.0,"2303 Minor Ave E, Seattle, WA 98102",Seattle,98102,Single Family,8728d5428ffffff,9
2025-09-16,1650000.0,"4329-Sw-Cloverdale-St,-Seattle,-WA-98136",47.526394,-122.388822,2360.0,6400.0,1955.0,,4.0,1.5,"4329 Sw Cloverdale St, Seattle, WA 98136",Seattle,98136,Single Family,8728d5570ffffff,9
2025-09-16,625000.0,"5651-S-144th-St,-Tukwila,-WA-98168",47.47384,-122.26323,1410.0,10176.0,1948.0,,2.0,1.5,"5651 S 144th St, Tukwila, WA 98168",Tukwila,98168,Single Family,8728d5523ffffff,38
2025-09-16,660000.0,"7321-31st-Ave-SW,-Seattle,-WA-98126",47.536693,-122.372929,1500.0,5040.0,1927.0,,3.0,1.0,"7321 31st Ave SW, Seattle, WA 98126",Seattle,98126,Single Family,8728d5570ffffff,9
2025-09-16,3091250.0,"4710-86th-Ave-SE,-Mercer-Island,-WA-98040",47.561322,-122.223976,3620.0,9663.0,2017.0,,4.0,3.5,"4710 86th Ave SE, Mercer Island, WA 98040",Mercer Island,98040,Single Family,8728d5518ffffff,7
2025-09-16,400000.0,"285-Earlington-Ave-SW,-Renton,-WA-98057",47.480167,-122.22642,2720.0,11199.0,1912.0,,1.0,1.0,"285 Earlington Ave SW, Renton, WA 98057",Renton,98057,Single Family,8728d5531ffffff,38
2025-09-16,1065000.0,"1060-149th-Pl-SE,-Bellevue,-WA-98007",47.600548,-122.138918,1620.0,7919.0,1955.0,,4.0,2.0,"1060 149th Pl SE, Bellevue, WA 98007",Bellevue,98007,Single Family,8728d55abffffff,59
2025-09-16,760000.0,"1712-30th-Ave-S,-Seattle,-WA-98144",47.587566,-122.293311,1760.0,2640.0,1926.0,,4.0,1.5,"1712 30th Ave S, Seattle, WA 98144",Seattle,98144,Single Family,8728d5425ffffff,9
2025-09-16,605000.0,"4027-S-128th-St,-Tukwila,-WA-98168",47.488358,-122.282651,1230.0,9375.0,1919.0,,2.0,1.0,"4027 S 128th St, Tukwila, WA 98168",Tukwila,98168,Single Family,8728d552effffff,38
2025-09-17,536000.0,"12635-Beacon-Ave-S,-Seattle,-WA-98178",47.489362,-122.251206,2000.0,11088.0,1943.0,,3.0,1.0,"12635 Beacon Ave S, Seattle, WA 98178",Seattle,98178,Single Family,8728d5504ffffff,38
2025-09-17,1700000.0,"6830-48th-Ave-NE,-Seattle,-WA-98115",47.678526,-122.276562,2330.0,6350.0,1947.0,,4.0,1.5,"6830 48th Ave NE, Seattle, WA 98115",Seattle,98115,Single Family,8728d540effffff,59
2025-09-17,1411000.0,"1704-Ne-68th-St,-Seattle,-WA-98115",47.67776,-122.309512,1650.0,5100.0,1958.0,,3.0,1.5,"1704 Ne 68th St, Seattle, WA 98115",Seattle,98115,Single Family,8728d5408ffffff,9
2025-09-17,1185000.0,"710-Summit-Ave-E,-Seattle,-WA-98102",47.625432,-122.325028,2290.0,2144.0,1904.0,,3.0,2.0,"710 Summit Ave E, Seattle, WA 98102",Seattle,98102,Single Family,8728d5428ffffff,9
2025-09-17,825000.0,"6976-Sylvan-Way-SW,-Seattle,-WA-98106",47.539365,-122.364994,1390.0,8937.0,1942.0,,2.0,1.5,"6976 Sylvan Way SW, Seattle, WA 98106",Seattle,98106,Single Family,8728d5572ffffff,38
2025-09-17,1100000.0,"2658-35th-Ave-W,-Seattle,-WA-98199",47.644839,-122.401955,1040.0,6120.0,1941.0,,2.0,1.0,"2658 35th Ave W, Seattle, WA 98199",Seattle,98199,Single Family,8728d5474ffffff,9
2025-09-17,880000.0,"3748-Sw-Austin-St,-Seattle,-WA-98126",47.5352,-122.381432,1380.0,4080.0,1943.0,,3.0,1.5,"3748 Sw Austin St, Seattle, WA 98126",Seattle,98126,Single Family,8728d5570ffffff,9
2025-09-17,515000.0,"11314-25th-Ave-SW,-Seattle,-WA-98146",47.501562,-122.363892,1630.0,9920.0,1969.0,,3.0,1.5,"11314 25th Ave SW, Seattle, WA 98146",Seattle,98146,Single Family,8728d5529ffffff,38
2025-09-18,460000.0,"8406-S-117th-Pl,-Seattle,-WA-98178",47.497734,-122.227229,600.0,4600.0,1941.0,,2.0,1.0,"8406 S 117th Pl, Seattle, WA 98178",Seattle,98178,Single Family,8728d5506ffffff,38
2025-09-18,2390000.0,"5102-Green-Lake-Way-N,-Seattle,-WA-98103",47.66587,-122.339789,3960.0,5000.0,2023.0,,4.0,3.5,"5102 Green Lake Way N, Seattle, WA 98103",Seattle,98103,Single Family,8728d540dffffff,9
2025-09-18,600000.0,"8362-12th-Ave-NW,-Seattle,-WA-98117",47.690418,-122.371209,1340.0,812.0,2019.0,,3.0,1.5,"8362 12th Ave NW, Seattle, WA 98117",Seattle,98117,Single Family,8728d5472ffffff,9
2025-09-18,637500.0,"14047-Meridian-Ave-N,-Seattle,-WA-98133",47.731889,-122.334601,840.0,6654.0,1951.0,,2.0,1.0,"14047 Meridian Ave N, Seattle, WA 98133",Seattle,98133,Single Family,8728d5452ffffff,59
2025-09-18,790000.0,"9412-34th-Ave-SW,-Seattle,-WA-98126",47.518869,-122.375152,710.0,5100.0,1950.0,,2.0,1.0,"9412 34th Ave SW, Seattle, WA 98126",Seattle,98126,Single Family,8728d5574ffffff,9
2025-09-18,825000.0,"4012-Sw-107th-St,-Seattle,-WA-98146",47.507619,-122.383484,1350.0,7616.0,1954.0,,2.0,1.0,"4012 Sw 107th St, Seattle, WA 98146",Seattle,98146,Single Family,8728d5574ffffff,9
2025-09-18,1810000.0,"10624-Woodhaven-Ln,-Bellevue,-WA-98004",47.587828,-122.199384,2080.0,9824.0,1954.0,,4.0,2.0,"10624 Woodhaven Ln, Bellevue, WA 98004",Bellevue,98004,Single Family,8728d5434ffffff,36
2025-09-19,2600000.0,"2240-167th-Ave-SE,-Bellevue,-WA-98008",47.59057,-122.116587,3870.0,10875.0,2006.0,,4.0,3.5,"2240 167th Ave SE, Bellevue, WA 98008",Bellevue,98008,Single Family,8728d55aaffffff,7
2025-09-19,2110000.0,"7557-44th-Ave-NE,-Seattle,-WA-98115",47.684686,-122.281349,2770.0,6000.0,1948.0,,5.0,2.5,"7557 44th Ave NE, Seattle, WA 98115",Seattle,98115,Single Family,8728d540effffff,59
2025-09-19,1630000.0,"6058-31st-Ave-NE,-Seattle,-WA-98115",47.67386,-122.294244,2510.0,5000.0,1928.0,,3.0,2.0,"6058 31st Ave NE, Seattle, WA 98115",Seattle,98115,Single Family,8728d540effffff,59
2025-09-19,1005000.0,"719-N-92nd-St,-Seattle,-WA-98103",47.695362,-122.349178,1600.0,5112.0,1910.0,,3.0,1.0,"719 N 92nd St, Seattle, WA 98103",Seattle,98103,Single Family,8728d5409ffffff,9
2025-09-19,1100000.0,"912-N-88th-St,-Seattle,-WA-98103",47.692932,-122.34662,1940.0,5100.0,1930.0,,4.0,1.5,"912 N 88th St, Seattle, WA 98103",Seattle,98103,Single Family,8728d5409ffffff,9
2025-09-19,399000.0,"2311-N-88th-St,-Seattle,-WA-98103",47.692139,-122.330524,860.0,2618.0,1940.0,,2.0,1.0,"2311 N 88th St, Seattle, WA 98103",Seattle,98103,Single Family,8728d5409ffffff,9
2025-09-19,1650000.0,"21-165th-Ave-SE,-Bellevue,-WA-98008",47.608965,-122.120482,2070.0,10972.0,1961.0,,5.0,2.0,"21 165th Ave SE, Bellevue, WA 98008",Bellevue,98008,Single Family,8728d558cffffff,59
2025-09-19,3695000.0,"2000-38th-Ave-E,-Seattle,-WA-98112",47.637169,-122.283741,4010.0,8207.0,1972.0,,3.0,2.0,"2000 38th Ave E, Seattle, WA 98112",Seattle,98112,Single Family,8728d5405ffffff,7
2025-09-19,575000.0,"9819-32nd-Ave-SW,-Seattle,-WA-98126",47.515028,-122.373591,740.0,6300.0,1942.0,,2.0,1.0,"9819 32nd Ave SW, Seattle, WA 98126",Seattle,98126,Single Family,8728d5574ffffff,9
2025-09-19,1725000.0,"1823-121st-Ave-SE,-Bellevue,-WA-98005",47.594096,-122.179191,3520.0,11250.0,1963.0,,6.0,2.0,"1823 121st Ave SE, Bellevue, WA 98005",Bellevue,98005,Single Family,8728d5434ffffff,36
2025-09-19,428500.0,"12243-16th-Ave-S,-Seattle,-WA-98168",47.492892,-122.31345,1480.0,14390.0,1936.0,,3.0,1.5,"12243 16th Ave S, Seattle, WA 98168",Seattle,98168,Single Family,8728d5528ffffff,38
2025-09-19,1350000.0,"1817-125th-Ave-SE,-Bellevue,-WA-98005",47.594199,-122.174008,1660.0,15375.0,1957.0,,3.0,1.5,"1817 125th Ave SE, Bellevue, WA 98005",Bellevue,98005,Single Family,8728d55a9ffffff,7
2025-09-19,910000.0,"5610-Sw-Teig-Pl,-Seattle,-WA-98116",47.578784,-122.404522,1630.0,3995.0,1926.0,,2.0,1.0,"5610 Sw Teig Pl, Seattle, WA 98116",Seattle,98116,Single Family,8728d5542ffffff,9
2025-09-19,2050000.0,"1667-E-Boston-Ter,-Seattle,-WA-98112",47.637027,-122.312631,3430.0,5051.0,1986.0,,3.0,2.5,"1667 E Boston Ter, Seattle, WA 98112",Seattle,98112,Single Family,8728d542affffff,59
2025-09-22,1150000.0,"4312-2nd-Ave-NE,-Seattle,-WA-98105",47.659399,-122.326942,1650.0,4590.0,1918.0,,3.0,2.0,"4312 2nd Ave NE, Seattle, WA 98105",Seattle,98105,Single Family,8728d542bffffff,9
2025-09-22,1140000.0,"1803-150th-Ave-SE,-Bellevue,-WA-98007",47.594366,-122.140227,1450.0,8053.0,1966.0,,3.0,2.0,"1803 150th Ave SE, Bellevue, WA 98007",Bellevue,98007,Single Family,8728d55abffffff,59
2025-09-22,850000.0,"2604-Ne-82nd-St,-Seattle,-WA-98115",47.68873,-122.299545,2020.0,9984.0,1955.0,,4.0,2.0,"2604 Ne 82nd St, Seattle, WA 98115",Seattle,98115,Single Family,8728d5408ffffff,9
2025-09-22,959000.0,"5035-49th-Ave-SW,-Seattle,-WA-98136",47.556485,-122.395243,1890.0,5900.0,1909.0,,5.0,1.5,"5035 49th Ave SW, Seattle, WA 98136",Seattle,98136,Single Family,8728d5546ffffff,9
2025-09-23,2125000.0,"712-17th-Ave-E,-Seattle,-WA-98112",47.625679,-122.309641,2590.0,5760.0,1901.0,,4.0,1.5,"712 17th Ave E, Seattle, WA 98112",Seattle,98112,Single Family,8728d542effffff,9
2025-09-23,269000.0,"12262-20th-Ave-S,-Seattle,-WA-98168",47.49254,-122.307032,890.0,8100.0,1942.0,,2.0,1.0,"12262 20th Ave S, Seattle, WA 98168",Seattle,98168,Single Family,8728d552effffff,38
2025-09-23,795000.0,"5839-17th-Ave-S,-Seattle,-WA-98108",47.550063,-122.311479,1240.0,5445.0,1946.0,,3.0,1.0,"5839 17th Ave S, Seattle, WA 98108",Seattle,98108,Single Family,8728d5508ffffff,38
2025-09-23,1100000.0,"14214-Westwood-Pl-NE,-Seattle,-WA-98125",47.73174,-122.286045,2910.0,13813.0,1982.0,,4.0,2.5,"14214 Westwood Pl NE, Seattle, WA 98125",Seattle,98125,Single Family,8728d54e0ffffff,59
2025-09-23,842500.0,"7057-16th-Ave-NE,-Seattle,-WA-98115",47.681069,-122.311314,1210.0,4400.0,1919.0,,4.0,1.0,"7057 16th Ave NE, Seattle, WA 98115",Seattle,98115,Single Family,8728d5408ffffff,9
2025-09-23,1225000.0,"426-160th-Ave-SE,-Bellevue,-WA-98008",47.605626,-122.125649,1480.0,8500.0,1958.0,,3.0,1.5,"426 160th Ave SE, Bellevue, WA 98008",Bellevue,98008,Single Family,8728d55abffffff,59
2025-09-23,1025000.0,"7318-36th-Ave-SW,-Seattle,-WA-98126",47.536866,-122.377878,1700.0,9100.0,1998.0,,3.0,2.5,"7318 36th Ave SW, Seattle, WA 98126",Seattle,98126,Single Family,8728d5570ffffff,9
2025-09-23,749000.0,"3650-51st-Ave-Sw-Unit-B,-Seattle,-WA-98116",47.570629,-122.397087,1164.0,5700.0,2025.0,,2.0,2.0,"3650 51st Ave Sw Unit B, Seattle, WA 98116",Seattle,98116,Townhouse,8728d5555ffffff,9
2025-09-23,795000.0,"1614-S-Juneau-St,-Seattle,-WA-98108",47.55005,-122.311483,1825.0,945.0,2025.0,,4.0,3.5,"1614 S Juneau St, Seattle, WA 98108",Seattle,98108,Single Family,8728d5508ffffff,38
2025-09-24,1330000.0,"724-Belmont-Pl-E,-Seattle,-WA-98102",47.626102,-122.324052,2080.0,1440.0,2016.0,,3.0,2.5,"724 Belmont Pl E, Seattle, WA 98102",Seattle,98102,Single Family,8728d5428ffffff,9
2025-09-24,2950000.0,"10823-Ne-108th-St,-Kirkland,-WA-98033",47.696967,-122.196315,3940.0,29837.0,2014.0,,5.0,4.0,"10823 Ne 108th St, Kirkland, WA 98033",Kirkland,98033,Single Family,8728d541effffff,59
2025-09-24,1850000.0,"7540-58th-Ave-NE,-Seattle,-WA-98115",47.683767,-122.265686,3320.0,8480.0,1970.0,,4.0,3.0,"7540 58th Ave NE, Seattle, WA 98115",Seattle,98115,Single Family,8728d541dffffff,58
2025-09-24,655000.0,"7929-Delridge-Way-SW,-Seattle,-WA-98106",47.530901,-122.360805,1680.0,5600.0,1949.0,,4.0,1.5,"7929 Delridge Way SW, Seattle, WA 98106",Seattle,98106,Single Family,8728d5576ffffff,38
2025-09-24,550000.0,"9400-35th-Ave-SW,-Seattle,-WA-98126",47.519203,-122.376682,1340.0,1549.0,2006.0,,3.0,2.0,"9400 35th Ave SW, Seattle, WA 98126",Seattle,98126,Single Family,8728d5574ffffff,9
2025-09-24,545000.0,"12250-Densmore-Ave-N,-Seattle,-WA-98133",47.718741,-122.337698,2440.0,10459.0,1947.0,,4.0,1.5,"12250 Densmore Ave N, Seattle, WA 98133",Seattle,98133,Single Family,8728d5456ffffff,9
2025-09-24,2300000.0,"3636-113th-Ave-NE,-Bellevue,-WA-98004",47.643486,-122.189743,3590.0,10486.0,1994.0,,3.0,2.5,"3636 113th Ave NE, Bellevue, WA 98004",Bellevue,98004,Single Family,8728d5433ffffff,36
2025-09-24,950000.0,"4138-13th-Ave-S,-Seattle,-WA-98108",47.565997,-122.315607,3400.0,4800.0,2000.0,,3.0,2.5,"4138 13th Ave S, Seattle, WA 98108",Seattle,98108,Single Family,8728d550bffffff,38
2025-09-24,1475000.0,"14903-Ne-9th-Pl,-Bellevue,-WA-98007",47.618331,-122.141576,1830.0,10593.0,1981.0,,3.0,2.0,"14903 Ne 9th Pl, Bellevue, WA 98007",Bellevue,98007,Single Family,8728d558dffffff,7
2025-09-25,480000.0,"1908-Ne-65th-St,-Seattle,-WA-98115",47.67604,-122.307058,620.0,2160.0,1949.0,,2.0,3.0,"1908 Ne 65th St, Seattle, WA 98115",Seattle,98115,Single Family,8728d540cffffff,9
2025-09-25,324375.0,"2809-W-Elmore-Pl,-Seattle,-WA-98199",47.656972,-122.39331,1060.0,4725.0,1947.0,,2.0,1.0,"2809 W Elmore Pl, Seattle, WA 98199",Seattle,98199,Single Family,8728d5474ffffff,9
2025-09-25,3250000.0,"656-166th-Ave-NE,-Bellevue,-WA-98008",47.6167,-122.118712,4240.0,9680.0,2023.0,,5.0,4.0,"656 166th Ave NE, Bellevue, WA 98008",Bellevue,98008,Single Family,8728d558cffffff,59
2025-09-25,450000.0,"6411-28th-Ave-S,-Seattle,-WA-98108",47.544996,-122.297206,800.0,5070.0,1911.0,,2.0,1.5,"6411 28th Ave S, Seattle, WA 98108",Seattle,98108,Single Family,8728d5508ffffff,38
2025-09-25,850000.0,"6545-33rd-Ave-S,-Seattle,-WA-98118",47.543085,-122.290612,1900.0,6050.0,1966.0,,4.0,2.0,"6545 33rd Ave S, Seattle, WA 98118",Seattle,98118,Single Family,8728d5508ffffff,38
2025-09-25,1150000.0,"6713-128th-Ave-SE,-Bellevue,-WA-98006",47.542045,-122.169435,2160.0,12009.0,1976.0,,3.0,1.5,"6713 128th Ave SE, Bellevue, WA 98006",Bellevue,98006,Single Family,8728d5513ffffff,7
2025-09-25,948000.0,"7729-30th-Ave-SW,-Seattle,-WA-98126",47.532811,-122.371579,1730.0,5650.0,1910.0,,3.0,2.0,"7729 30th Ave SW, Seattle, WA 98126",Seattle,98126,Single Family,8728d5570ffffff,9
2025-09-25,1000000.0,"7322-21st-Ave-NW,-Seattle,-WA-98117",47.682066,-122.382913,1680.0,3825.0,1941.0,,3.0,1.5,"7322 21st Ave NW, Seattle, WA 98117",Seattle,98117,Single Family,8728d5473ffffff,9
2025-09-25,3688000.0,"9610-Se-7th-St,-Bellevue,-WA-98004",47.604247,-122.210095,4080.0,18744.0,1989.0,,4.0,2.0,"9610 Se 7th St, Bellevue, WA 98004",Bellevue,98004,Single Family,8728d5435ffffff,35
2025-09-25,3075000.0,"335-18th-Ave,-Kirkland,-WA-98033",47.689321,-122.203021,3900.0,8766.0,2025.0,,5.0,3.5,"335 18th Ave, Kirkland, WA 98033",Kirkland,98033,Single Family,8728d541effffff,59
2025-09-26,635000.0,"7121-Shinkle-Pl-SW,-Seattle,-WA-98106",47.538565,-122.367079,1550.0,2190.0,2010.0,,2.0,2.0,"7121 Shinkle Pl SW, Seattle, WA 98106",Seattle,98106,Single Family,8728d5572ffffff,38
2025-09-26,400000.0,"1646-S-124th-St,-Seattle,-WA-98168",47.49235,-122.310739,990.0,3212.0,1960.0,,2.0,1.0,"1646 S 124th St, Seattle, WA 98168",Seattle,98168,Single Family,8728d5528ffffff,38
2025-09-26,725000.0,"2602-Ne-133rd-St,-Seattle,-WA-98125",47.724963,-122.300393,950.0,6000.0,1950.0,,3.0,1.0,"2602 Ne 133rd St, Seattle, WA 98125",Seattle,98125,Single Family,8728d54e5ffffff,9
2025-09-26,910000.0,"4408-28th-Ave-S,-Seattle,-WA-98108",47.562414,-122.29715,2010.0,2099.0,2006.0,,3.0,2.0,"4408 28th Ave S, Seattle, WA 98108",Seattle,98108,Single Family,8728d550bffffff,38
2025-09-26,1650000.0,"12456-Se-26th-Pl,-Bellevue,-WA-98005",47.587158,-122.172152,1920.0,11804.0,1960.0,,5.0,2.5,"12456 Se 26th Pl, Bellevue, WA 98005",Bellevue,98005,Single Family,8728d55a9ffffff,7
2025-09-26,1088000.0,"9015-38th-Ave-SW,-Seattle,-WA-98126",47.522515,-122.381087,1920.0,9600.0,1911.0,,4.0,2.0,"9015 38th Ave SW, Seattle, WA 98126",Seattle,98126,Single Family,8728d5570ffffff,9
2025-09-26,1400000.0,"16721-Ne-5th-Pl,-Bellevue,-WA-98008",47.614268,-122.117214,3000.0,13477.0,1961.0,,5.0,2.0,"16721 Ne 5th Pl, Bellevue, WA 98008",Bellevue,98008,Single Family,8728d558cffffff,59
2025-09-26,839000.0,"8101-18th-Ave-SW,-Seattle,-WA-98106",47.529947,-122.358131,1030.0,9546.0,1920.0,,3.0,1.0,"8101 18th Ave SW, Seattle, WA 98106",Seattle,98106,Single Family,8728d5576ffffff,38
2025-09-26,1177000.0,"15934-Lake-Hills-Blvd,-Bellevue,-WA-98008",47.60446,-122.126926,1770.0,9000.0,1958.0,,3.0,2.0,"15934 Lake Hills Blvd, Bellevue, WA 98008",Bellevue,98008,Single Family,8728d55abffffff,59
2025-09-26,1400000.0,"6007-Palatine-Ave-N,-Seattle,-WA-98103",47.672666,-122.35676,1350.0,3910.0,1926.0,,2.0,1.0,"6007 Palatine Ave N, Seattle, WA 98103",Seattle,98103,Single Family,8728d5476ffffff,9
2025-09-26,1425000.0,"4737-34th-Ave-NE,-Seattle,-WA-98105",47.663856,-122.291581,2030.0,4000.0,1927.0,,4.0,2.5,"4737 34th Ave NE, Seattle, WA 98105",Seattle,98105,Single Family,8728d5401ffffff,59
2025-09-26,522375.0,"8109-34th-Ave-SW,-Seattle,-WA-98126",47.529743,-122.375657,790.0,4760.0,1940.0,,2.0,1.0,"8109 34th Ave SW, Seattle, WA 98126",Seattle,98126,Single Family,8728d5570ffffff,9
2025-09-26,449000.0,"7007-48th-Ave-S,-Seattle,-WA-98118",47.539586,-122.272962,430.0,4000.0,1914.0,,1.0,1.0,"7007 48th Ave S, Seattle, WA 98118",Seattle,98118,Single Family,8728d550effffff,9
2025-09-26,3800000.0,"727-13th-Ave-E,-Seattle,-WA-98102",47.626099,-122.315981,4450.0,6969.0,2003.0,,4.0,3.0,"727 13th Ave E, Seattle, WA 98102",Seattle,98102,Single Family,8728d542effffff,9
2025-09-26,1024000.0,"14522-Ne-5th-St,-Bellevue,-WA-98007",47.614643,-122.144912,2260.0,8483.0,1965.0,,4.0,2.0,"14522 Ne 5th St, Bellevue, WA 98007",Bellevue,98007,Single Family,8728d558dffffff,7
2025-09-26,1089950.0,"4414-Midvale-Ave-N,-Seattle,-WA-98103",47.660418,-122.343375,1648.0,749.0,2026.0,,2.0,1.5,"4414 Midvale Ave N, Seattle, WA 98103",Seattle,98103,Townhouse,8728d542bffffff,9
2025-09-26,1089950.0,"4410-Midvale-Ave-N,-Seattle,-WA-98103",47.660418,-122.343375,1489.0,1106.0,2025.0,,3.0,1.5,"4410 Midvale Ave N, Seattle, WA 98103",Seattle,98103,Townhouse,8728d542bffffff,9
2025-09-26,1089950.0,"4416-Midvale-Ave-N,-Seattle,-WA-98103",47.660348,-122.343326,1648.0,749.0,2026.0,,2.0,1.5,"4416 Midvale Ave N, Seattle, WA 98103",Seattle,98103,Townhouse,8728d542bffffff,9
2025-09-29,799950.0,"6358-Delridge-Way-SW,-Seattle,-WA-98106",47.544935,-122.361311,1520.0,4620.0,1942.0,,3.0,2.0,"6358 Delridge Way SW, Seattle, WA 98106",Seattle,98106,Single Family,8728d5572ffffff,38
2025-09-29,2165000.0,"11310-Ne-60th-St,-Kirkland,-WA-98033",47.66131,-122.189278,2620.0,15623.0,1965.0,,4.0,2.5,"11310 Ne 60th St, Kirkland, WA 98033",Kirkland,98033,Single Family,8728d5415ffffff,7
2025-09-29,2335000.0,"1006-5th-St,-Kirkland,-WA-98033",47.68328,-122.199026,4170.0,9664.0,2007.0,,6.0,5.0,"1006 5th St, Kirkland, WA 98033",Kirkland,98033,Single Family,8728d5411ffffff,8
2025-09-29,1140000.0,"7708-44th-Ave-NE,-Seattle,-WA-98115",47.685202,-122.280732,1350.0,6500.0,1948.0,,3.0,1.0,"7708 44th Ave NE, Seattle, WA 98115",Seattle,98115,Single Family,8728d540effffff,59
2025-09-29,890000.0,"3002-Nw-66th-St,-Seattle,-WA-98117",47.676812,-122.395913,1590.0,5000.0,1945.0,,5.0,1.5,"3002 Nw 66th St, Seattle, WA 98117",Seattle,98117,Single Family,8728d5470ffffff,9
2025-09-30,1040000.0,"6208-Fremont-Ave-N,-Seattle,-WA-98103",47.674168,-122.349664,1620.0,3276.0,1910.0,,3.0,2.0,"6208 Fremont Ave N, Seattle, WA 98103",Seattle,98103,Single Family,8728d540dffffff,9
2025-09-30,939000.0,"618-N-49th-St,-Seattle,-WA-98103",47.664492,-122.350671,1450.0,1508.0,2019.0,,2.0,2.0,"618 N 49th St, Seattle, WA 98103",Seattle,98103,Single Family,8728d5476ffffff,9
2025-09-30,1000000.0,"2545-36th-Ave-W,-Seattle,-WA-98199",47.642933,-122.40403,1410.0,7684.0,1940.0,,2.0,1.0,"2545 36th Ave W, Seattle, WA 98199",Seattle,98199,Single Family,8728d555bffffff,59
2025-09-30,800000.0,"4160-Sw-Orchard-St,-Seattle,-WA-98136",47.53917,-122.385883,1010.0,5920.0,1911.0,,3.0,1.0,"4160 Sw Orchard St, Seattle, WA 98136",Seattle,98136,Single Family,8728d5570ffffff,9
2025-09-30,825000.0,"5023-36th-Ave-NE,-Seattle,-WA-98105",47.665555,-122.289378,990.0,4000.0,1923.0,,2.0,1.0,"5023 36th Ave NE, Seattle, WA 98105",Seattle,98105,Single Family,8728d5401ffffff,59
2025-09-30,482500.0,"7945-Delridge-Way-SW,-Seattle,-WA-98106",47.530501,-122.360808,1170.0,5600.0,1949.0,,3.0,1.0,"7945 Delridge Way SW, Seattle, WA 98106",Seattle,98106,Single Family,8728d5576ffffff,38
2025-09-30,675000.0,"4563-34th-Ave-W,-Seattle,-WA-98199",47.662897,-122.401899,760.0,3417.0,1936.0,,3.0,1.0,"4563 34th Ave W, Seattle, WA 98199",Seattle,98199,Single Family,8728d5470ffffff,9
2025-09-30,1325000.0,"7725-Ne-142nd-Pl,-Kirkland,-WA-98034",47.729937,-122.236994,2030.0,7700.0,1973.0,,4.0,2.0,"7725 Ne 142nd Pl, Kirkland, WA 98034",Kirkland,98034,Single Family,8728d541bffffff,59
2025-09-30,925000.0,"2513-Vashon-Ct-NE,-Renton,-WA-98059",47.513996,-122.163756,2100.0,7588.0,1963.0,,5.0,2.0,"2513 Vashon Ct NE, Renton, WA 98059",Renton,98059,Single Family,8728d5514ffffff,10
2025-09-30,482500.0,"7949-Delridge-Way-SW,-Seattle,-WA-98106",47.530367,-122.36081,980.0,5600.0,1949.0,,3.0,1.0,"7949 Delridge Way SW, Seattle, WA 98106",Seattle,98106,Single Family,8728d5576ffffff,38
2025-09-30,850000.0,"4839-S-Holly-St,-Seattle,-WA-98118",47.542299,-122.271043,2020.0,5725.0,1954.0,,4.0,1.5,"4839 S Holly St, Seattle, WA 98118",Seattle,98118,Single Family,8728d550effffff,9
2025-09-30,1268500.0,"2617-32nd-Ave-W,-Seattle,-WA-98199",47.643763,-122.398647,1050.0,6000.0,1949.0,,2.0,1.0,"2617 32nd Ave W, Seattle, WA 98199",Seattle,98199,Single Family,8728d5474ffffff,9
2025-09-30,1590000.0,"2131-168th-Ave-SE,-Bellevue,-WA-98008",47.591005,-122.116156,2950.0,18730.0,1974.0,,4.0,2.0,"2131 168th Ave SE, Bellevue, WA 98008",Bellevue,98008,Single Family,8728d55aaffffff,7
2025-09-30,1861900.0,"7521-30th-Ave-NE,-Seattle,-WA-98115",47.68371,-122.296292,2530.0,8165.0,1939.0,,3.0,1.5,"7521 30th Ave NE, Seattle, WA 98115",Seattle,98115,Single Family,8728d5408ffffff,9
2025-10-01,1250000.0,"1026-N-48th-St,-Seattle,-WA-98103",47.663789,-122.344834,2200.0,4140.0,1916.0,,3.0,1.5,"1026 N 48th St, Seattle, WA 98103",Seattle,98103,Single Family,8728d5476ffffff,9
2025-10-01,1499990.0,"1254-151st-Ave-SE,-Bellevue,-WA-98007",47.597758,-122.136801,1680.0,7560.0,1962.0,,4.0,2.0,"1254 151st Ave SE, Bellevue, WA 98007",Bellevue,98007,Single Family,8728d55abffffff,59
2025-10-01,654950.0,"9042-Wallingford-Ave-N,-Seattle,-WA-98103",47.695385,-122.336094,1060.0,6770.0,1951.0,,3.0,1.0,"9042 Wallingford Ave N, Seattle, WA 98103",Seattle,98103,Single Family,8728d5409ffffff,9
2025-10-01,3225000.0,"8855-Points-Dr-NE,-Clyde-Hill,-WA-98004",47.636486,-122.22038,3900.0,36000.0,1963.0,,3.0,2.5,"8855 Points Dr NE, Clyde Hill, WA 98004",Clyde Hill,98004,Single Family,8728d5406ffffff,15
2025-10-01,600000.0,"3924-Sw-Dawson-St,-Seattle,-WA-98136",47.555829,-122.382059,1140.0,777.0,2021.0,,2.0,1.5,"3924 Sw Dawson St, Seattle, WA 98136",Seattle,98136,Single Family,8728d5573ffffff,14
2025-10-01,440000.0,"13217-1st-Ave-S,-Burien,-WA-98168",47.484303,-122.334252,1650.0,7800.0,1942.0,,4.0,2.0,"13217 1st Ave S, Burien, WA 98168",Burien,98168,Single Family,8728d552dffffff,38
2025-10-01,2995000.0,"1240-108th-Ave-NE,-Bellevue,-WA-98004",47.622379,-122.193885,3060.0,7724.0,1995.0,,3.0,2.5,"1240 108th Ave NE, Bellevue, WA 98004",Bellevue,98004,Single Family,8728d5430ffffff,36
2025-10-01,1150000.0,"7704-45th-Ave-SW,-Seattle,-WA-98136",47.53386,-122.389986,2600.0,7500.0,1962.0,,3.0,1.5,"7704 45th Ave SW, Seattle, WA 98136",Seattle,98136,Single Family,8728d5570ffffff,9
2025-10-02,885000.0,"3218-31st-Ave-W,-Seattle,-WA-98199",47.649336,-122.396597,930.0,6360.0,1950.0,,2.0,1.0,"3218 31st Ave W, Seattle, WA 98199",Seattle,98199,Single Family,8728d5474ffffff,9
2025-10-02,940000.0,"11251-28th-Ave-SW,-Seattle,-WA-98146",47.5013,-122.36888,2990.0,12224.0,1963.0,,5.0,2.0,"11251 28th Ave SW, Seattle, WA 98146",Seattle,98146,Single Family,8728d5574ffffff,9
2025-10-03,600000.0,"6605-S-127th-Pl,-Seattle,-WA-98178",47.488693,-122.251755,2300.0,7750.0,1960.0,,4.0,2.0,"6605 S 127th Pl, Seattle, WA 98178",Seattle,98178,Single Family,8728d5504ffffff,38
2025-10-03,645000.0,"9304-32nd-Ave-SW,-Seattle,-WA-98126",47.519662,-122.374106,810.0,5200.0,1950.0,,3.0,1.0,"9304 32nd Ave SW, Seattle, WA 98126",Seattle,98126,Single Family,8728d5574ffffff,9
2025-10-03,2850000.0,"1015-165th-Pl-NE,-Bellevue,-WA-98008",47.619061,-122.119561,1190.0,7500.0,1959.0,,3.0,1.0,"1015 165th Pl NE, Bellevue, WA 98008",Bellevue,98008,Single Family,8728d558cffffff,59
2025-10-03,3400000.0,"8048-Crest-Dr-NE,-Seattle,-WA-98115",47.687569,-122.273862,3010.0,15375.0,1941.0,,4.0,3.0,"8048 Crest Dr NE, Seattle, WA 98115",Seattle,98115,Single Family,8728d540effffff,59
2025-10-03,1320000.0,"1603-Ne-70th-St,-Seattle,-WA-98115",47.679189,-122.310709,1050.0,5355.0,1922.0,,2.0,1.0,"1603 Ne 70th St, Seattle, WA 98115",Seattle,98115,Single Family,8728d5408ffffff,9
2025-10-03,755000.0,"12715-Dayton-Ave-N,-Seattle,-WA-98133",47.721899,-122.353168,1710.0,7650.0,1952.0,,3.0,1.5,"12715 Dayton Ave N, Seattle, WA 98133",Seattle,98133,Single Family,8728d5450ffffff,59
2025-10-03,1562500.0,"13209-7th-Ave-NW,-Seattle,-WA-98177",47.725432,-122.365392,2520.0,8158.0,1950.0,,3.0,4.0,"13209 7th Ave NW, Seattle, WA 98177",Seattle,98177,Single Family,8728d5450ffffff,59
2025-10-03,530000.0,"334-Garden-Ave-N,-Renton,-WA-98057",47.487642,-122.200107,980.0,4120.0,1925.0,,2.0,1.0,"334 Garden Ave N, Renton, WA 98057",Renton,98057,Single Family,8728d5531ffffff,38
2025-10-03,604000.0,"9809-57th-Ave-S,-Seattle,-WA-98118",47.512999,-122.262385,1480.0,4000.0,1908.0,,3.0,1.5,"9809 57th Ave S, Seattle, WA 98118",Seattle,98118,Single Family,8728d5501ffffff,38
2025-10-03,1950000.0,"2816-S-Hudson-St,-Seattle,-WA-98108",47.557364,-122.296071,3060.0,9505.0,1979.0,,3.0,3.5,"2816 S Hudson St, Seattle, WA 98108",Seattle,98108,Single Family,8728d5508ffffff,38
2025-10-03,6000000.0,"505-18th-Ave,-Kirkland,-WA-98033",47.689071,-122.199775,1940.0,57230.0,1983.0,,4.0,2.0,"505 18th Ave, Kirkland, WA 98033",Kirkland,98033,Single Family,8728d541effffff,59
2025-10-03,3875000.0,"9779-Ne-South-Beach-Dr,-Bainbridge-Island,-WA-98110",47.574512,-122.520508,3774.0,15682.0,1990.0,,4.0,1.5,"9779 Ne South Beach Dr, Bainbridge Island, WA 98110",Bainbridge Island,98110,Single Family,8728d556bffffff,-1
2025-10-06,3695000.0,"3812-E-Crockett-St,-Seattle,-WA-98112",47.637594,-122.283339,4360.0,9000.0,1969.0,,5.0,3.0,"3812 E Crockett St, Seattle, WA 98112",Seattle,98112,Single Family,8728d5405ffffff,7
2025-10-06,1585000.0,"2534-57th-Ave-SW,-Seattle,-WA-98116",47.580209,-122.40488,2620.0,4520.0,2012.0,,3.0,2.5,"2534 57th Ave SW, Seattle, WA 98116",Seattle,98116,Single Family,8728d5542ffffff,9
2025-10-06,825000.0,"3029-Ne-133rd-St,-Seattle,-WA-98125",47.724489,-122.295088,1350.0,5932.0,1951.0,,3.0,1.5,"3029 Ne 133rd St, Seattle, WA 98125",Seattle,98125,Single Family,8728d54e4ffffff,9
2025-10-06,1253000.0,"326-157th-Ave-NE,-Bellevue,-WA-98008",47.613012,-122.130869,1280.0,8050.0,1959.0,,3.0,1.0,"326 157th Ave NE, Bellevue, WA 98008",Bellevue,98008,Single Family,8728d558dffffff,7
2025-10-06,565000.0,"7344-35th-Ave-SW,-Seattle,-WA-98126",47.536038,-122.376183,2260.0,4800.0,1939.0,,2.0,1.0,"7344 35th Ave SW, Seattle, WA 98126",Seattle,98126,Single Family,8728d5570ffffff,9
2025-10-06,945000.0,"1919-E-Eaton-Pl,-Seattle,-WA-98112",47.63707,-122.307489,1680.0,4664.0,1932.0,,4.0,1.5,"1919 E Eaton Pl, Seattle, WA 98112",Seattle,98112,Single Family,8728d542affffff,59
2025-10-07,1100000.0,"3003-Ne-88th-St,-Seattle,-WA-98115",47.692161,-122.295781,3365.0,3424.0,2025.0,,5.0,2.5,"3003 Ne 88th St, Seattle, WA 98115",Seattle,98115,Single Family,8728d5408ffffff,9
2025-10-07,1325000.0,"3106-Ne-60th-St,-Seattle,-WA-98115",47.672345,-122.293877,2430.0,3250.0,1925.0,,4.0,1.5,"3106 Ne 60th St, Seattle, WA 98115",Seattle,98115,Single Family,8728d540effffff,59
2025-10-07,600000.0,"5639-3rd-Ave-NW,-Seattle,-WA-98107",47.670629,-122.36113,1710.0,3720.0,1930.0,,3.0,1.0,"5639 3rd Ave NW, Seattle, WA 98107",Seattle,98107,Single Family,8728d5476ffffff,9
2025-10-07,550000.0,"11550-22nd-Ave-NE,-Seattle,-WA-98125",47.7136,-122.305284,870.0,8100.0,1947.0,,2.0,1.0,"11550 22nd Ave NE, Seattle, WA 98125",Seattle,98125,Single Family,8728d540bffffff,9
2025-10-07,1525000.0,"420-8th-Ave,-Kirkland,-WA-98033",47.681567,-122.200625,940.0,7200.0,1949.0,,2.0,1.0,"420 8th Ave, Kirkland, WA 98033",Kirkland,98033,Single Family,8728d5411ffffff,8
2025-10-07,550000.0,"4935-30th-Ave-S,-Seattle,-WA-98108",47.557264,-122.29448,1600.0,5000.0,1969.0,,4.0,1.5,"4935 30th Ave S, Seattle, WA 98108",Seattle,98108,Single Family,8728d5508ffffff,38
2025-10-07,885000.0,"6749-10th-Ave-NW,-Seattle,-WA-98117",47.679233,-122.370149,1340.0,5350.0,1925.0,,5.0,1.0,"6749 10th Ave NW, Seattle, WA 98117",Seattle,98117,Single Family,8728d5472ffffff,9
2025-10-07,535000.0,"8418-31st-Ave-SW,-Seattle,-WA-98126",47.527625,-122.372217,1435.0,7562.0,1959.0,,3.0,2.0,"8418 31st Ave SW, Seattle, WA 98126",Seattle,98126,Single Family,8728d5570ffffff,9
2025-10-07,16642330.0,"8428-137th-Ave-SE,-Newcastle,-WA-98059",47.526057,-122.158315,3707.0,6216.0,2026.0,,5.0,2.0,"8428 137th Ave SE, Newcastle, WA 98059",Newcastle,98059,Single Family,8728d5510ffffff,7
2025-10-08,2515000.0,"7560-30th-Ave-NE,-Seattle,-WA-98115",47.684711,-122.295563,3520.0,4588.0,2019.0,,4.0,3.5,"7560 30th Ave NE, Seattle, WA 98115",Seattle,98115,Single Family,8728d5408ffffff,9
2025-10-08,865000.0,"3805-Fremont-Ln-N,-Seattle,-WA-98103",47.653018,-122.349449,1410.0,1184.0,2014.0,,2.0,1.5,"3805 Fremont Ln N, Seattle, WA 98103",Seattle,98103,Single Family,8728d542bffffff,9
2025-10-08,825000.0,"5310-26th-Ave-S,-Seattle,-WA-98108",47.5545,-122.298908,2090.0,6178.0,1970.0,,3.0,1.0,"5310 26th Ave S, Seattle, WA 98108",Seattle,98108,Single Family,8728d5508ffffff,38
2025-10-08,820000.0,"3526-Cheasty-Blvd-S,-Seattle,-WA-98144",47.571702,-122.298829,1490.0,2280.0,2003.0,,3.0,2.5,"3526 Cheasty Blvd S, Seattle, WA 98144",Seattle,98144,Single Family,8728d550bffffff,38
2025-10-08,1275000.0,"311-Nw-42nd-St,-Seattle,-WA-98107",47.657535,-122.361457,2260.0,4800.0,1998.0,,3.0,2.5,"311 Nw 42nd St, Seattle, WA 98107",Seattle,98107,Single Family,8728d5476ffffff,9
2025-10-08,1260000.0,"1506-3rd-St,-Kirkland,-WA-98033",47.687496,-122.204157,1490.0,9375.0,1916.0,,3.0,1.5,"1506 3rd St, Kirkland, WA 98033",Kirkland,98033,Single Family,8728d541effffff,59
2025-10-08,715000.0,"14614-12th-Ave-SW,-Burien,-WA-98166",47.471654,-122.349514,1630.0,7860.0,1942.0,,4.0,1.5,"14614 12th Ave SW, Burien, WA 98166",Burien,98166,Single Family,8728d5cd3ffffff,38
2025-10-08,1205000.0,"6743-11th-Ave-NW,-Seattle,-WA-98117",47.679027,-122.371215,2080.0,5633.0,1924.0,,5.0,2.0,"6743 11th Ave NW, Seattle, WA 98117",Seattle,98117,Single Family,8728d5472ffffff,9
2025-10-08,2200000.0,"522-19th-Ave,-Kirkland,-WA-98033",47.691632,-122.199012,2320.0,7500.0,1962.0,,3.0,2.0,"522 19th Ave, Kirkland, WA 98033",Kirkland,98033,Single Family,8728d541effffff,59
2025-10-08,623000.0,"13223-4th-Ave-SW,-Burien,-WA-98146",47.484205,-122.339562,1480.0,8100.0,1958.0,,3.0,1.0,"13223 4th Ave SW, Burien, WA 98146",Burien,98146,Single Family,8728d552dffffff,38
2025-10-08,1260000.0,"1504-3rd-St,-Kirkland,-WA-98033",47.687468,-122.204146,3278.0,5410.0,2025.0,,4.0,4.5,"1504 3rd St, Kirkland, WA 98033",Kirkland,98033,Single Family,8728d541effffff,59
2025-10-08,623000.0,"13223-4th-Ave-SW,-Seattle,-WA-98146",47.484201,-122.339566,1480.0,,,,4.0,2.0,"13223 4th Ave SW, Seattle, WA 98146",Seattle,98146,Single Family,8728d552dffffff,38
2025-10-09,950000.0,"8008-38th-Ave-NE,-Seattle,-WA-98115",47.687009,-122.287078,1010.0,6000.0,1945.0,,3.0,1.0,"8008 38th Ave NE, Seattle, WA 98115",Seattle,98115,Single Family,8728d540effffff,59
2025-10-09,1050000.0,"3400-E-Spring-St,-Seattle,-WA-98122",47.611762,-122.289016,1575.0,505.0,2026.0,,2.0,2.0,"3400 E Spring St, Seattle, WA 98122",Seattle,98122,Townhouse,8728d5423ffffff,7
2025-10-09,2490000.0,"6190-112th-Ln-SE,-Bellevue,-WA-98006",47.547765,-122.18978,3990.0,7445.0,2020.0,,5.0,3.5,"6190 112th Ln SE, Bellevue, WA 98006",Bellevue,98006,Single Family,8728d551effffff,7
2025-10-09,740000.0,"132-Ne-130th-St,-Seattle,-WA-98125",47.723329,-122.327458,2010.0,6900.0,1957.0,,3.0,1.5,"132 Ne 130th St, Seattle, WA 98125",Seattle,98125,Single Family,8728d54e5ffffff,9
2025-10-09,1000000.0,"15728-Ne-1st-St,-Bellevue,-WA-98008",47.611696,-122.130035,1030.0,8400.0,1959.0,,3.0,1.0,"15728 Ne 1st St, Bellevue, WA 98008",Bellevue,98008,Single Family,8728d558cffffff,59
2025-10-09,1495000.0,"5210-35th-Ave-NE,-Seattle,-WA-98105",47.66701,-122.289849,2550.0,6000.0,1913.0,,3.0,1.5,"5210 35th Ave NE, Seattle, WA 98105",Seattle,98105,Single Family,8728d5401ffffff,59
2025-10-09,1100000.0,"2800-W-Elmore-Pl,-Seattle,-WA-98199",47.657264,-122.392971,1050.0,4375.0,1947.0,,3.0,1.5,"2800 W Elmore Pl, Seattle, WA 98199",Seattle,98199,Single Family,8728d5474ffffff,9
2025-10-09,500000.0,"4113-Sw-Ida-St,-Seattle,-WA-98136",47.534146,-122.385276,550.0,5100.0,1941.0,,1.0,1.0,"4113 Sw Ida St, Seattle, WA 98136",Seattle,98136,Single Family,8728d5570ffffff,9
2025-10-09,830000.0,"9338-Forest-Ct-SW,-Seattle,-WA-98136",47.518688,-122.385246,1920.0,10730.0,1952.0,,5.0,2.0,"9338 Forest Ct SW, Seattle, WA 98136",Seattle,98136,Single Family,8728d5574ffffff,9
2025-10-09,1200000.0,"2737-59th-Ave-SW,-Seattle,-WA-98116",47.578832,-122.408429,870.0,4440.0,1918.0,,2.0,1.0,"2737 59th Ave SW, Seattle, WA 98116",Seattle,98116,Single Family,8728d5542ffffff,9
2025-10-09,879950.0,"5136-S-Frontenac-St,-Seattle,-WA-98118",47.540154,-122.268262,1500.0,5000.0,1917.0,,3.0,2.0,"5136 S Frontenac St, Seattle, WA 98118",Seattle,98118,Single Family,8728d550effffff,9
2025-10-09,2395000.0,"3016-37th-Ave-W,-Seattle,-WA-98199",47.647312,-122.404357,3680.0,5670.0,2000.0,,4.0,3.5,"3016 37th Ave W, Seattle, WA 98199",Seattle,98199,Single Family,8728d5474ffffff,9
2025-10-10,1357000.0,"8056-28th-Ave-NW,-Seattle,-WA-98117",47.68846,-122.39271,1700.0,3920.0,1957.0,,3.0,1.5,"8056 28th Ave NW, Seattle, WA 98117",Seattle,98117,Single Family,8728d5473ffffff,9
2025-10-10,1388000.0,"2230-137th-Pl-SE,-Bellevue,-WA-98005",47.590598,-122.15562,2290.0,9296.0,1968.0,,3.0,3.0,"2230 137th Pl SE, Bellevue, WA 98005",Bellevue,98005,Single Family,8728d55a9ffffff,7
2025-10-10,690000.0,"8113-S-121st-St,-Seattle,-WA-98178",47.494545,-122.231112,2580.0,10500.0,1979.0,,3.0,2.0,"8113 S 121st St, Seattle, WA 98178",Seattle,98178,Single Family,8728d5504ffffff,38
2025-10-10,680000.0,"4525-10th-Ave-S,-Seattle,-WA-98108",47.562864,-122.320029,1960.0,4018.0,1950.0,,2.0,2.0,"4525 10th Ave S, Seattle, WA 98108",Seattle,98108,Single Family,8728d5509ffffff,38
2025-10-10,805000.0,"1552-N-128th-St,-Seattle,-WA-98133",47.722496,-122.337219,1370.0,10313.0,1955.0,,3.0,1.0,"1552 N 128th St, Seattle, WA 98133",Seattle,98133,Single Family,8728d5456ffffff,9
2025-10-10,980000.0,"3736-Southcenter-Blvd,-Tukwila,-WA-98188",47.465362,-122.284898,1960.0,15375.0,1946.0,,3.0,2.0,"3736 Southcenter Blvd, Tukwila, WA 98188",Tukwila,98188,Single Family,8728d5521ffffff,38
2025-10-10,2380000.0,"8505-Ne-27th-Pl,-Clyde-Hill,-WA-98004",47.634904,-122.22498,2260.0,19552.0,1968.0,,3.0,2.0,"8505 Ne 27th Pl, Clyde Hill, WA 98004",Clyde Hill,98004,Single Family,8728d5406ffffff,15
2025-10-10,1150500.0,"11136-108th-Ave-NE,-Kirkland,-WA-98033",47.700115,-122.197438,990.0,3489.0,1908.0,,2.0,1.0,"11136 108th Ave NE, Kirkland, WA 98033",Kirkland,98033,Single Family,8728d541effffff,59
2025-10-10,1180000.0,"16205-Se-7th-St,-Bellevue,-WA-98008",47.603525,-122.125279,1810.0,7300.0,1956.0,,3.0,1.5,"16205 Se 7th St, Bellevue, WA 98008",Bellevue,98008,Single Family,8728d55abffffff,59
2025-10-10,800000.0,"7318-39th-Ave-SW,-Seattle,-WA-98136",47.536208,-122.381619,1610.0,10148.0,1912.0,,2.0,1.5,"7318 39th Ave SW, Seattle, WA 98136",Seattle,98136,Single Family,8728d5570ffffff,9
2025-10-10,750000.0,"8139-14th-Ave-SW,-Seattle,-WA-98106",47.528961,-122.353004,2090.0,8480.0,1962.0,,4.0,1.5,"8139 14th Ave SW, Seattle, WA 98106",Seattle,98106,Single Family,8728d5576ffffff,38
2025-10-10,915000.0,"11988-Marine-View-Dr-SW,-Seattle,-WA-98146",47.495664,-122.369241,1800.0,6900.0,1953.0,,3.0,1.0,"11988 Marine View Dr SW, Seattle, WA 98146",Seattle,98146,Single Family,8728d5cdaffffff,30
2025-10-10,2000000.0,"3039-Nw-71st-St,-Seattle,-WA-98117",47.679994,-122.397432,2770.0,4500.0,2003.0,,4.0,2.5,"3039 Nw 71st St, Seattle, WA 98117",Seattle,98117,Single Family,8728d5473ffffff,9
2025-10-10,825000.0,"322-Nw-47th-St,-Unit-C,-Seattle,-WA-98107",47.663097,-122.361824,1307.0,620.0,2025.0,,2.0,2.5,"322 Nw 47th St, Unit C, Seattle, WA 98107",Seattle,98107,Townhouse,8728d5476ffffff,9
2025-10-10,3240000.0,"14146-Se-83rd-St,-Newcastle,-WA-98059",47.528834,-122.151472,5110.0,12406.0,2018.0,,5.0,3.5,"14146 Se 83rd St, Newcastle, WA 98059",Newcastle,98059,Single Family,8728d5510ffffff,7
2025-10-14,660000.0,"7749-17th-Ave-SW,-Seattle,-WA-98106",47.532234,-122.356784,920.0,5160.0,1916.0,,3.0,1.0,"7749 17th Ave SW, Seattle, WA 98106",Seattle,98106,Single Family,8728d5572ffffff,38
2025-10-14,1275000.0,"7504-134th-Ave-SE,-Newcastle,-WA-98059",47.53511,-122.16023,1790.0,9543.0,1985.0,,3.0,2.0,"7504 134th Ave SE, Newcastle, WA 98059",Newcastle,98059,Single Family,8728d5510ffffff,7
2025-10-14,1950000.0,"11006-Se-31st-St,-Bellevue,-WA-98004",47.58283,-122.193584,1880.0,9981.0,1954.0,,3.0,1.5,"11006 Se 31st St, Bellevue, WA 98004",Bellevue,98004,Single Family,8728d551affffff,7
2025-10-14,537000.0,"11644-100th-Ave-NE,-Apt-308,-Kirkland,-WA-98034",47.704999,-122.207216,1135.0,110149.0,1978.0,,2.0,2.0,"11644 100th Ave NE, Apt 308, Kirkland, WA 98034",Kirkland,98034,Single Family,8728d541effffff,59
2025-10-14,960000.0,"7713-36th-Ave-NE,-Seattle,-WA-98115",47.685284,-122.28983,1000.0,5000.0,1946.0,,2.0,1.0,"7713 36th Ave NE, Seattle, WA 98115",Seattle,98115,Single Family,8728d540effffff,59
2025-10-14,899950.0,"1207-N-Allen-Pl,-Seattle,-WA-98103",47.66046,-122.343458,790.0,3600.0,1916.0,,1.0,1.0,"1207 N Allen Pl, Seattle, WA 98103",Seattle,98103,Single Family,8728d542bffffff,9
2025-10-14,637500.0,"8536-Interlake-Ave-N,-Seattle,-WA-98103",47.69163,-122.339908,1350.0,5125.0,1955.0,,2.0,1.5,"8536 Interlake Ave N, Seattle, WA 98103",Seattle,98103,Single Family,8728d5409ffffff,9
2025-10-14,1825000.0,"2119-Bonair-Dr-SW,-Seattle,-WA-98116",47.585039,-122.39814,2090.0,1438.0,2008.0,,3.0,2.5,"2119 Bonair Dr SW, Seattle, WA 98116",Seattle,98116,Single Family,8728d5551ffffff,9
2025-10-14,1160000.0,"11849-Ne-105th-Ln,-Kirkland,-WA-98033",47.693328,-122.182214,1420.0,6075.0,1987.0,,3.0,1.5,"11849 Ne 105th Ln, Kirkland, WA 98033",Kirkland,98033,Single Family,8728d5413ffffff,59
2025-10-14,1775000.0,"11722-Ne-112th-St,-Kirkland,-WA-98033",47.70138,-122.183895,2560.0,8576.0,2012.0,,4.0,2.5,"11722 Ne 112th St, Kirkland, WA 98033",Kirkland,98033,Single Family,8728d54adffffff,59
2025-10-14,2905000.0,"11618-Ne-111th-St,-Kirkland,-WA-98033",47.699691,-122.185849,1250.0,9702.0,1961.0,,3.0,1.0,"11618 Ne 111th St, Kirkland, WA 98033",Kirkland,98033,Single Family,8728d541effffff,59
2025-10-14,912000.0,"3236-W-Government-Way,-Seattle,-WA-98199",47.660118,-122.399662,1550.0,1080.0,2017.0,,3.0,1.5,"3236 W Government Way, Seattle, WA 98199",Seattle,98199,Single Family,8728d5470ffffff,9
2025-10-14,1320000.0,"9544-3rd-Ave-NW,-Seattle,-WA-98117",47.699098,-122.360346,2260.0,5900.0,2015.0,,4.0,3.0,"9544 3rd Ave NW, Seattle, WA 98117",Seattle,98117,Single Family,8728d5454ffffff,9
2025-10-14,1235000.0,"12705-2nd-Ave-NW,-Seattle,-WA-98177",47.721602,-122.360007,2280.0,8160.0,1949.0,,4.0,1.5,"12705 2nd Ave NW, Seattle, WA 98177",Seattle,98177,Single Family,8728d5450ffffff,59
2025-10-14,665000.0,"3732-Southcenter-Blvd,-Tukwila,-WA-98188",47.465362,-122.285277,1750.0,1284.0,2016.0,,4.0,3.5,"3732 Southcenter Blvd, Tukwila, WA 98188",Tukwila,98188,Single Family,8728d5521ffffff,38
2025-10-14,1305000.0,"6907-96th-Ave-SE,-Mercer-Island,-WA-98040",47.540471,-122.211712,2370.0,11326.0,1976.0,,4.0,1.0,"6907 96th Ave SE, Mercer Island, WA 98040",Mercer Island,98040,Single Family,8728d551cffffff,29
2025-10-15,1667500.0,"2767-59th-Ave-SW,-Seattle,-WA-98116",47.578038,-122.408449,1760.0,4678.0,1914.0,,4.0,2.0,"2767 59th Ave SW, Seattle, WA 98116",Seattle,98116,Single Family,8728d5542ffffff,9
2025-10-15,617500.0,"11424-69th-Pl-S,-Seattle,-WA-98178",47.501334,-122.247477,1620.0,6600.0,1945.0,,3.0,1.5,"11424 69th Pl S, Seattle, WA 98178",Seattle,98178,Single Family,8728d5500ffffff,38
2025-10-15,1170000.0,"1433-30th-Ave,-Seattle,-WA-98122",47.613963,-122.293914,2100.0,2200.0,1919.0,,3.0,2.5,"1433 30th Ave, Seattle, WA 98122",Seattle,98122,Single Family,8728d5421ffffff,9
2025-10-15,749888.0,"972-N-Allen-Pl,-Seattle,-WA-98103",47.660716,-122.345838,1010.0,656.0,2022.0,,2.0,1.5,"972 N Allen Pl, Seattle, WA 98103",Seattle,98103,Single Family,8728d542bffffff,9
2025-10-15,1000000.0,"2518-36th-Ave-W,-Seattle,-WA-98199",47.642203,-122.403607,1700.0,5807.0,1947.0,,3.0,1.0,"2518 36th Ave W, Seattle, WA 98199",Seattle,98199,Single Family,8728d555bffffff,59
2025-10-15,995000.0,"8318-Ne-122nd-Pl,-Kirkland,-WA-98034",47.710867,-122.230253,2000.0,8165.0,1976.0,,3.0,1.5,"8318 Ne 122nd Pl, Kirkland, WA 98034",Kirkland,98034,Single Family,8728d5418ffffff,59
2025-10-15,900000.0,"106-Nw-60th-St,-Seattle,-WA-98107",47.672563,-122.357866,1660.0,4000.0,1910.0,,4.0,1.5,"106 Nw 60th St, Seattle, WA 98107",Seattle,98107,Single Family,8728d5476ffffff,9
2025-10-15,883000.0,"2305-S-Graham-St,-Seattle,-WA-98108",47.546065,-122.304175,2220.0,5000.0,2003.0,,5.0,3.0,"2305 S Graham St, Seattle, WA 98108",Seattle,98108,Single Family,8728d5508ffffff,38
2025-10-15,1354000.0,"6218-113th-Pl-SE,-Bellevue,-WA-98006",47.546832,-122.188315,2440.0,9135.0,1986.0,,4.0,2.5,"6218 113th Pl SE, Bellevue, WA 98006",Bellevue,98006,Single Family,8728d551effffff,7
2025-10-15,725000.0,"14528-35th-Ave-NE,-Lake-Forest-Park,-WA-98155",47.733938,-122.291058,1710.0,1020.0,2018.0,,3.0,3.0,"14528 35th Ave NE, Lake Forest Park, WA 98155",Lake Forest Park,98155,Single Family,8728d54e0ffffff,59
2025-10-15,1863000.0,"12442-Ne-6th-Pl,-Bellevue,-WA-98005",47.616212,-122.17298,2910.0,10960.0,1956.0,,4.0,3.0,"12442 Ne 6th Pl, Bellevue, WA 98005",Bellevue,98005,Single Family,8728d5436ffffff,7
2025-10-16,879950.0,"7346-22nd-Ave-NW,-Seattle,-WA-98117",47.6827,-122.383977,920.0,5100.0,1910.0,,2.0,1.0,"7346 22nd Ave NW, Seattle, WA 98117",Seattle,98117,Single Family,8728d5473ffffff,9
2025-10-16,749950.0,"2349-Ne-127th-St,-Seattle,-WA-98125",47.720844,-122.302551,2500.0,3698.0,2025.0,,4.0,3.0,"2349 Ne 127th St, Seattle, WA 98125",Seattle,98125,Single Family,8728d54e5ffffff,9
2025-10-16,1788000.0,"12115-Se-22nd-St,-Bellevue,-WA-98005",47.590485,-122.176969,2350.0,18800.0,1959.0,,4.0,1.5,"12115 Se 22nd St, Bellevue, WA 98005",Bellevue,98005,Single Family,8728d55a9ffffff,7
2025-10-16,570000.0,"13753-Ashworth-Ave-N,-Seattle,-WA-98133",47.730155,-122.340032,660.0,7560.0,1945.0,,2.0,1.0,"13753 Ashworth Ave N, Seattle, WA 98133",Seattle,98133,Single Family,8728d5452ffffff,59
2025-10-16,1185000.0,"7015-26th-Ave-NE,-Seattle,-WA-98115",47.679911,-122.299909,2370.0,6000.0,1959.0,,4.0,2.0,"7015 26th Ave NE, Seattle, WA 98115",Seattle,98115,Single Family,8728d5408ffffff,9
2025-10-16,1350000.0,"6533-52nd-Ave-S,-Seattle,-WA-98118",47.543265,-122.267488,2160.0,9600.0,1952.0,,4.0,1.5,"6533 52nd Ave S, Seattle, WA 98118",Seattle,98118,Single Family,8728d550effffff,9
2025-10-16,1245000.0,"1615-N-41st-St,-Seattle,-WA-98103",47.656637,-122.337933,2310.0,4050.0,1921.0,,5.0,1.5,"1615 N 41st St, Seattle, WA 98103",Seattle,98103,Single Family,8728d542bffffff,9
2025-10-16,1635000.0,"117-N-40th-St,-Seattle,-WA-98103",47.655363,-122.356344,1520.0,5500.0,1978.0,,3.0,2.0,"117 N 40th St, Seattle, WA 98103",Seattle,98103,Single Family,8728d5476ffffff,9
2025-10-16,970000.0,"2111-E-Pine-St,-Seattle,-WA-98122",47.61513,-122.304331,1500.0,1985.0,1995.0,,3.0,1.5,"2111 E Pine St, Seattle, WA 98122",Seattle,98122,Single Family,8728d5421ffffff,9
2025-10-16,3150000.0,"2526-35th-Ave-W,-Seattle,-WA-98199",47.642065,-122.40198,4280.0,6000.0,2024.0,,6.0,3.5,"2526 35th Ave W, Seattle, WA 98199",Seattle,98199,Single Family,8728d555bffffff,59
2025-10-16,3050000.0,"3385-126th-Ave-NE,-Bellevue,-WA-98005",47.640496,-122.172041,4220.0,14992.0,1989.0,,5.0,3.0,"3385 126th Ave NE, Bellevue, WA 98005",Bellevue,98005,Single Family,8728d5414ffffff,29
2025-10-16,880000.0,"3010-32nd-Ave-W,-Seattle,-WA-98199",47.647282,-122.397873,1330.0,6200.0,1947.0,,3.0,1.0,"3010 32nd Ave W, Seattle, WA 98199",Seattle,98199,Single Family,8728d5474ffffff,9
2025-10-16,875000.0,"11503-Bartlett-Ave-NE,-Seattle,-WA-98125",47.712263,-122.283447,2120.0,5397.0,1985.0,,4.0,1.0,"11503 Bartlett Ave NE, Seattle, WA 98125",Seattle,98125,Single Family,8728d54e4ffffff,9
2025-10-16,517000.0,"8150-13th-Ave-SW,-Seattle,-WA-98106",47.528682,-122.351449,550.0,4001.0,1943.0,,2.0,1.0,"8150 13th Ave SW, Seattle, WA 98106",Seattle,98106,Single Family,8728d5576ffffff,38
2025-10-16,1725000.0,"4740-Lakehurst-Ln,-Bellevue,-WA-98006",47.559651,-122.190044,2790.0,,,,4.0,3.0,"4740 Lakehurst Ln, Bellevue, WA 98006",Bellevue,98006,Single Family,8728d551effffff,7
2025-10-16,749950.0,"2349B-Ne-127th-St,-Seattle,-WA-98125",47.720842,-122.302552,1100.0,2500.0,2025.0,,3.0,2.5,"2349B Ne 127th St, Seattle, WA 98125",Seattle,98125,Townhouse,8728d54e5ffffff,9
2025-10-16,1320000.0,"405-13th-Ave,-Kirkland,-WA-98033",47.685442,-122.199961,1530.0,7000.0,1967.0,,3.0,1.5,"405 13th Ave, Kirkland, WA 98033",Kirkland,98033,Single Family,8728d5411ffffff,8
2025-10-17,2850000.0,"16648-Ne-12th-St,-Bellevue,-WA-98008",47.620367,-122.118698,1500.0,7300.0,1959.0,,3.0,2.0,"16648 Ne 12th St, Bellevue, WA 98008",Bellevue,98008,Single Family,8728d558cffffff,59
2025-10-17,997000.0,"8717-Ne-137th-Pl,-Kirkland,-WA-98034",47.723444,-122.224549,1300.0,10272.0,1966.0,,3.0,1.5,"8717 Ne 137th Pl, Kirkland, WA 98034",Kirkland,98034,Single Family,8728d541bffffff,59
2025-10-17,1800000.0,"12514-Se-16th-St,-Bellevue,-WA-98005",47.597366,-122.172978,2230.0,11205.0,1961.0,,4.0,2.5,"12514 Se 16th St, Bellevue, WA 98005",Bellevue,98005,Single Family,8728d55a9ffffff,7
2025-10-17,860000.0,"14330-24th-Pl-NE,-Seattle,-WA-98125",47.73314,-122.302357,1090.0,9151.0,1944.0,,2.0,1.0,"14330 24th Pl NE, Seattle, WA 98125",Seattle,98125,Single Family,8728d54e5ffffff,9
2025-10-17,1820000.0,"4224-Sw-Donovan-St,-Seattle,-WA-98136",47.525643,-122.385672,3040.0,7800.0,1968.0,,5.0,2.0,"4224 Sw Donovan St, Seattle, WA 98136",Seattle,98136,Single Family,8728d5570ffffff,9
2025-10-17,825000.0,"8325-26th-Ave-NW,-Seattle,-WA-98117",47.689796,-122.390087,1150.0,3960.0,1947.0,,2.0,1.0,"8325 26th Ave NW, Seattle, WA 98117",Seattle,98117,Single Family,8728d5473ffffff,9
2025-10-17,750000.0,"4623-S-Holly-St,-Seattle,-WA-98118",47.5422,-122.274379,1940.0,9315.0,1903.0,,5.0,1.5,"4623 S Holly St, Seattle, WA 98118",Seattle,98118,Single Family,8728d550effffff,9
2025-10-17,1345000.0,"8751-29th-Ave-NW,-Seattle,-WA-98117",47.693331,-122.39457,2430.0,7057.0,1964.0,,4.0,2.0,"8751 29th Ave NW, Seattle, WA 98117",Seattle,98117,Single Family,8728d5473ffffff,9
2025-10-17,2050000.0,"8534-30th-Ave-NW,-Seattle,-WA-98117",47.691568,-122.39531,3490.0,8065.0,2010.0,,4.0,2.5,"8534 30th Ave NW, Seattle, WA 98117",Seattle,98117,Single Family,8728d5473ffffff,9
2025-10-17,3500000.0,"116-12th-Ave,-Kirkland,-WA-98033",47.684877,-122.207731,3030.0,5996.0,2013.0,,4.0,2.5,"116 12th Ave, Kirkland, WA 98033",Kirkland,98033,Single Family,8728d5411ffffff,8
2025-10-17,1950000.0,"6837-S-116th-Pl,-Seattle,-WA-98178",47.498293,-122.247854,1710.0,32768.0,1959.0,,4.0,1.5,"6837 S 116th Pl, Seattle, WA 98178",Seattle,98178,Single Family,8728d5504ffffff,38
2025-10-17,850000.0,"2518-31st-Ave-S,-Seattle,-WA-98144",47.58038,-122.292641,2130.0,5000.0,1919.0,,4.0,1.5,"2518 31st Ave S, Seattle, WA 98144",Seattle,98144,Single Family,8728d5425ffffff,9
2025-10-17,1616000.0,"9715-6th-Ave-NW,-Seattle,-WA-98117",47.700171,-122.363854,2450.0,5768.0,2015.0,,3.0,2.5,"9715 6th Ave NW, Seattle, WA 98117",Seattle,98117,Single Family,8728d5454ffffff,9
2025-10-17,825000.0,"3609-Sw-Holden-St,-Seattle,-WA-98126",47.533169,-122.378476,2180.0,7627.0,1965.0,,3.0,2.0,"3609 Sw Holden St, Seattle, WA 98126",Seattle,98126,Single Family,8728d5570ffffff,9
2025-10-17,4200000.0,"13222-Ne-70th-St,-Kirkland,-WA-98033",47.668297,-122.162956,1430.0,12096.0,1956.0,,3.0,1.0,"13222 Ne 70th St, Kirkland, WA 98033",Kirkland,98033,Single Family,8728d5410ffffff,59
2025-10-17,1941618.0,"11609-Ne-111th-St,-Kirkland,-WA-98033",47.699305,-122.186052,2770.0,8569.0,2006.0,,4.0,2.5,"11609 Ne 111th St, Kirkland, WA 98033",Kirkland,98033,Single Family,8728d541effffff,59
2025-10-17,632450.0,"2339-16th-Ave-S-Unit-A,-Seattle,-WA-98144",47.581733,-122.312474,1180.0,1139.0,2025.0,,2.0,1.0,"2339 16th Ave S Unit A, Seattle, WA 98144",Seattle,98144,Townhouse,8728d5425ffffff,9
2025-10-17,4298000.0,"9889-Ne-South-Beach-Dr,-Bainbridge-Island,-WA-98110",47.573955,-122.519883,3480.0,16988.0,2003.0,,4.0,3.5,"9889 Ne South Beach Dr, Bainbridge Island, WA 98110",Bainbridge Island,98110,Single Family,8728d556bffffff,-1
2025-10-20,1333000.0,"15931-Se-1st-St,-Bellevue,-WA-98008",47.608812,-122.12695,2990.0,7920.0,1961.0,,5.0,2.0,"15931 Se 1st St, Bellevue, WA 98008",Bellevue,98008,Single Family,8728d558cffffff,59
2025-10-20,665000.0,"10062-61st-Ave-S,-Seattle,-WA-98178",47.509838,-122.256753,1370.0,6102.0,1944.0,,3.0,1.5,"10062 61st Ave S, Seattle, WA 98178",Seattle,98178,Single Family,8728d5500ffffff,38
2025-10-20,540000.0,"3932-14th-Ave-S,-Seattle,-WA-98108",47.567997,-122.314489,1240.0,1338.0,1948.0,,3.0,2.0,"3932 14th Ave S, Seattle, WA 98108",Seattle,98108,Single Family,8728d550bffffff,38
2025-10-20,550000.0,"9046-9th-Ave-SW,-Seattle,-WA-98106",47.521464,-122.346512,740.0,6600.0,1918.0,,2.0,1.0,"9046 9th Ave SW, Seattle, WA 98106",Seattle,98106,Single Family,8728d5576ffffff,38
2025-10-20,975000.0,"8628-22nd-Ave-SW,-Seattle,-WA-98106",47.525696,-122.3614,2150.0,7662.0,2013.0,,4.0,3.0,"8628 22nd Ave SW, Seattle, WA 98106",Seattle,98106,Single Family,8728d5576ffffff,38
2025-10-20,755000.0,"7520-31st-Ave-NE,-Seattle,-WA-98115",47.683674,-122.29447,1280.0,6120.0,1942.0,,3.0,2.0,"7520 31st Ave NE, Seattle, WA 98115",Seattle,98115,Single Family,8728d540effffff,59
2025-10-20,1750000.0,"3309-Nw-70th-St,-Seattle,-WA-98117",47.679197,-122.400179,2810.0,5000.0,1941.0,,5.0,2.0,"3309 Nw 70th St, Seattle, WA 98117",Seattle,98117,Single Family,8728d5473ffffff,9
2025-10-20,2042000.0,"13649-Main-St,-Bellevue,-WA-98005",47.609755,-122.156523,2738.0,20038.0,1952.0,,3.0,2.0,"13649 Main St, Bellevue, WA 98005",Bellevue,98005,Single Family,8728d5436ffffff,7
2025-10-21,2850000.0,"1039-165th-Pl-NE,-Bellevue,-WA-98008",47.619738,-122.120123,940.0,7979.0,1959.0,,3.0,1.0,"1039 165th Pl NE, Bellevue, WA 98008",Bellevue,98008,Single Family,8728d558cffffff,59
2025-10-21,1300000.0,"12709-Ne-80th-Ln,-Kirkland,-WA-98033",47.675856,-122.170775,1400.0,12000.0,1975.0,,3.0,2.0,"12709 Ne 80th Ln, Kirkland, WA 98033",Kirkland,98033,Single Family,8728d5410ffffff,59
2025-10-21,1150000.0,"7016-34th-Ave-NE,-Seattle,-WA-98115",47.679945,-122.291141,1330.0,3800.0,1947.0,,3.0,1.5,"7016 34th Ave NE, Seattle, WA 98115",Seattle,98115,Single Family,8728d540effffff,59
2025-10-21,1280000.0,"5746-37th-Ave-NE,-Seattle,-WA-98105",47.671689,-122.287661,1890.0,4013.0,1929.0,,3.0,2.5,"5746 37th Ave NE, Seattle, WA 98105",Seattle,98105,Single Family,8728d540effffff,59
2025-10-21,1540336.0,"5906-112th-Pl-NE,-Kirkland,-WA-98033",47.660439,-122.189756,2220.0,8602.0,1976.0,,3.0,1.5,"5906 112th Pl NE, Kirkland, WA 98033",Kirkland,98033,Single Family,8728d5415ffffff,7
2025-10-21,435000.0,"8811-2nd-Ave-S,-Seattle,-WA-98108",47.524195,-122.332129,1490.0,2550.0,2002.0,,3.0,2.5,"8811 2nd Ave S, Seattle, WA 98108",Seattle,98108,Single Family,8728d550dffffff,38
2025-10-21,3875000.0,"4223-W-Semple-St,-Seattle,-WA-98199",47.670903,-122.411454,3010.0,40223.0,1952.0,,4.0,2.0,"4223 W Semple St, Seattle, WA 98199",Seattle,98199,Single Family,8728d5471ffffff,59
2025-10-21,635000.0,"14314-27th-Ave-NE,-Seattle,-WA-98125",47.73247,-122.298808,1350.0,8876.0,1949.0,,4.0,1.0,"14314 27th Ave NE, Seattle, WA 98125",Seattle,98125,Single Family,8728d54e0ffffff,59
2025-10-22,2150000.0,"8314-28th-Ave-NE,-Seattle,-WA-98115",47.689916,-122.296995,1938.0,3398.0,2025.0,,3.0,1.5,"8314 28th Ave NE, Seattle, WA 98115",Seattle,98115,Single Family,8728d5408ffffff,9
2025-10-22,950000.0,"6968-24th-Ave-SW,-Seattle,-WA-98106",47.539663,-122.362506,2410.0,7700.0,1941.0,,5.0,1.5,"6968 24th Ave SW, Seattle, WA 98106",Seattle,98106,Single Family,8728d5572ffffff,38
2025-10-22,625000.0,"2138-N-130th-St,-Seattle,-WA-98133",47.723439,-122.332489,1320.0,7129.0,1948.0,,3.0,1.5,"2138 N 130th St, Seattle, WA 98133",Seattle,98133,Single Family,8728d5456ffffff,9
2025-10-22,715000.0,"2490-Sw-Webster-St,-Seattle,-WA-98106",47.535694,-122.36508,1270.0,2509.0,2004.0,,3.0,2.5,"2490 Sw Webster St, Seattle, WA 98106",Seattle,98106,Single Family,8728d5572ffffff,38
2025-10-22,661500.0,"4939-Sw-Bruce-St,-Seattle,-WA-98136",47.555069,-122.396773,1390.0,7500.0,1927.0,,5.0,1.0,"4939 Sw Bruce St, Seattle, WA 98136",Seattle,98136,Single Family,8728d5546ffffff,9
2025-10-22,2750000.0,"11259-Arroyo-Beach-Pl-SW,-Seattle,-WA-98146",47.500953,-122.383314,3100.0,26049.0,1954.0,,3.0,1.5,"11259 Arroyo Beach Pl SW, Seattle, WA 98146",Seattle,98146,Single Family,8728d5574ffffff,9
2025-10-23,900000.0,"5946-39th-Ave-SW,-Seattle,-WA-98136",47.548839,-122.38146,2000.0,6450.0,1949.0,,3.0,2.0,"5946 39th Ave SW, Seattle, WA 98136",Seattle,98136,Single Family,8728d5573ffffff,14
2025-10-23,830000.0,"909-29th-Ave-S,-Seattle,-WA-98144",47.594032,-122.295667,1780.0,1514.0,2015.0,,3.0,2.5,"909 29th Ave S, Seattle, WA 98144",Seattle,98144,Single Family,8728d5425ffffff,9
2025-10-23,1421525.0,"6847-18th-Ave-NE,-Seattle,-WA-98115",47.679043,-122.309107,2050.0,4590.0,1925.0,,5.0,1.0,"6847 18th Ave NE, Seattle, WA 98115",Seattle,98115,Single Family,8728d5408ffffff,9
2025-10-23,630000.0,"13726-23rd-Ave-NE,-Seattle,-WA-98125",47.729199,-122.304354,800.0,7800.0,1946.0,,2.0,1.0,"13726 23rd Ave NE, Seattle, WA 98125",Seattle,98125,Single Family,8728d54e5ffffff,9
2025-10-23,680200.0,"9835-60th-Ave-S,-Seattle,-WA-98118",47.512285,-122.258546,1410.0,8475.0,1904.0,,3.0,1.5,"9835 60th Ave S, Seattle, WA 98118",Seattle,98118,Single Family,8728d5500ffffff,38
2025-10-23,1050000.0,"2613-Nw-86th-St,-Seattle,-WA-98117",47.691109,-122.390882,1940.0,2940.0,1987.0,,3.0,2.5,"2613 Nw 86th St, Seattle, WA 98117",Seattle,98117,Single Family,8728d5473ffffff,9
2025-10-23,2750000.0,"7435-Ne-129th-St,-Kirkland,-WA-98034",47.715654,-122.241052,2840.0,61873.0,1953.0,,4.0,2.5,"7435 Ne 129th St, Kirkland, WA 98034",Kirkland,98034,Single Family,8728d541bffffff,59
2025-10-23,1325000.0,"1723-Nw-63rd-St,-Seattle,-WA-98107",47.674325,-122.379929,2061.0,1442.0,2025.0,,3.0,3.0,"1723 Nw 63rd St, Seattle, WA 98107",Seattle,98107,Townhouse,8728d5470ffffff,9
2025-10-23,1100000.0,"912-165th-Ave-SE,-Bellevue,-WA-98008",47.602201,-122.119836,1360.0,8288.0,1957.0,,4.0,2.0,"912 165th Ave SE, Bellevue, WA 98008",Bellevue,98008,Single Family,8728d55aaffffff,7
2025-10-23,2050000.0,"1522-E-Interlaken-Blvd,-Seattle,-WA-98112",47.639112,-122.311546,2730.0,6279.0,1955.0,,2.0,2.5,"1522 E Interlaken Blvd, Seattle, WA 98112",Seattle,98112,Single Family,8728d542affffff,59
2025-10-23,1750000.0,"5225-Sw-Jacobsen-Rd,-Seattle,-WA-98116",47.558841,-122.399915,3260.0,9960.0,1990.0,,3.0,2.5,"5225 Sw Jacobsen Rd, Seattle, WA 98116",Seattle,98116,Single Family,8728d5546ffffff,9
2025-10-23,665000.0,"12025-9th-Ct-SW,-Seattle,-WA-98146",47.494903,-122.347053,1650.0,9198.0,1976.0,,3.0,2.0,"12025 9th Ct SW, Seattle, WA 98146",Seattle,98146,Single Family,8728d5529ffffff,38
2025-10-24,1210000.0,"7332-23rd-Ave-NW,-Seattle,-WA-98117",47.682297,-122.385044,2250.0,5100.0,1915.0,,4.0,3.0,"7332 23rd Ave NW, Seattle, WA 98117",Seattle,98117,Single Family,8728d5473ffffff,9
2025-10-24,823500.0,"7235-129th-Ave-SE,-Newcastle,-WA-98056",47.537366,-122.168348,1150.0,6745.0,1963.0,,3.0,1.0,"7235 129th Ave SE, Newcastle, WA 98056",Newcastle,98056,Single Family,8728d5510ffffff,7
2025-10-24,437000.0,"4236-S-Findlay-St,-Seattle,-WA-98118",47.55209,-122.279078,890.0,4120.0,1925.0,,2.0,1.0,"4236 S Findlay St, Seattle, WA 98118",Seattle,98118,Single Family,8728d550affffff,38
2025-10-24,1385000.0,"6512-150th-Pl-SE,-Bellevue,-WA-98006",47.544074,-122.140487,2365.0,13129.0,1988.0,,4.0,2.5,"6512 150th Pl SE, Bellevue, WA 98006",Bellevue,98006,Single Family,8728d5512ffffff,7
2025-10-24,1250000.0,"7516-28th-Ave-NE,-Seattle,-WA-98115",47.683537,-122.296834,2900.0,8044.0,1951.0,,7.0,2.5,"7516 28th Ave NE, Seattle, WA 98115",Seattle,98115,Single Family,8728d5408ffffff,9
2025-10-24,1000000.0,"3225-27th-Ave-W,-Seattle,-WA-98199",47.649487,-122.391868,900.0,5250.0,1938.0,,2.0,1.0,"3225 27th Ave W, Seattle, WA 98199",Seattle,98199,Single Family,8728d5474ffffff,9
2025-10-24,790000.0,"8222-35th-Ave-SW,-Seattle,-WA-98126",47.52907,-122.37621,1220.0,4800.0,1945.0,,3.0,1.0,"8222 35th Ave SW, Seattle, WA 98126",Seattle,98126,Single Family,8728d5570ffffff,9
2025-10-24,6000000.0,"10452-Se-23rd-St,-Bellevue,-WA-98004",47.590265,-122.199695,5190.0,20000.0,2016.0,,5.0,4.0,"10452 Se 23rd St, Bellevue, WA 98004",Bellevue,98004,Single Family,8728d5434ffffff,36
2025-10-24,2800000.0,"1053-160th-Ave-SE,-Bellevue,-WA-98008",47.600333,-122.126681,1260.0,7752.0,1956.0,,3.0,1.0,"1053 160th Ave SE, Bellevue, WA 98008",Bellevue,98008,Single Family,8728d55abffffff,59
2025-10-24,1120000.0,"7007-26th-Ave-NW,-Seattle,-WA-98117",47.679789,-122.39008,2790.0,5100.0,1915.0,,4.0,1.5,"7007 26th Ave NW, Seattle, WA 98117",Seattle,98117,Single Family,8728d5470ffffff,9
2025-10-24,695000.0,"10012-126th-Ave-SE,-Renton,-WA-98056",47.513184,-122.171877,1700.0,9750.0,1962.0,,3.0,1.5,"10012 126th Ave SE, Renton, WA 98056",Renton,98056,Single Family,8728d5514ffffff,10
2025-10-24,1050000.0,"5549-39th-Ave-NE,-Seattle,-WA-98105",47.669955,-122.286106,1110.0,5350.0,1942.0,,2.0,1.0,"5549 39th Ave NE, Seattle, WA 98105",Seattle,98105,Single Family,8728d540effffff,59
2025-10-24,1230000.0,"15851-Se-12th-Pl,-Bellevue,-WA-98008",47.599004,-122.127259,1830.0,9039.0,1956.0,,3.0,2.0,"15851 Se 12th Pl, Bellevue, WA 98008",Bellevue,98008,Single Family,8728d55abffffff,59
2025-10-24,760000.0,"3823-Sw-Holden-St,-Seattle,-WA-98126",47.533352,-122.381695,1280.0,5380.0,1942.0,,3.0,1.5,"3823 Sw Holden St, Seattle, WA 98126",Seattle,98126,Single Family,8728d5570ffffff,9
2025-10-24,609000.0,"10229-35th-Ave-SW,-Seattle,-WA-98146",47.511054,-122.376301,1180.0,4500.0,1948.0,,2.0,1.0,"10229 35th Ave SW, Seattle, WA 98146",Seattle,98146,Single Family,8728d5574ffffff,9
2025-10-24,1935000.0,"8626-Ne-121st-Pl,-Kirkland,-WA-98034",47.70974,-122.225988,3260.0,14872.0,1996.0,,3.0,2.5,"8626 Ne 121st Pl, Kirkland, WA 98034",Kirkland,98034,Single Family,8728d5418ffffff,59
2025-10-27,553000.0,"320-S-120th-St,-Seattle,-WA-98168",47.496028,-122.328979,1000.0,6400.0,1954.0,,3.0,1.0,"320 S 120th St, Seattle, WA 98168",Seattle,98168,Single Family,8728d5528ffffff,38
2025-10-27,971000.0,"8543-Ashworth-Ave-N,-Seattle,-WA-98103",47.691768,-122.339483,1220.0,5125.0,1917.0,,4.0,2.0,"8543 Ashworth Ave N, Seattle, WA 98103",Seattle,98103,Single Family,8728d5409ffffff,9
2025-10-27,625000.0,"9408-26th-Ave-SW,-Seattle,-WA-98106",47.518833,-122.365534,1020.0,8320.0,1957.0,,4.0,1.0,"9408 26th Ave SW, Seattle, WA 98106",Seattle,98106,Single Family,8728d5576ffffff,38
2025-10-27,1600000.0,"3441-Nw-59th-St,-Seattle,-WA-98107",47.671034,-122.402954,2060.0,6400.0,1948.0,,4.0,2.0,"3441 Nw 59th St, Seattle, WA 98107",Seattle,98107,Single Family,8728d5470ffffff,9
2025-10-28,800000.0,"7335-21st-Ave-NE,-Seattle,-WA-98115",47.682337,-122.305729,1330.0,6800.0,1941.0,,3.0,1.5,"7335 21st Ave NE, Seattle, WA 98115",Seattle,98115,Single Family,8728d5408ffffff,9
2025-10-28,1305000.0,"4417-Thackeray-Pl-NE,-Seattle,-WA-98105",47.66076,-122.326513,1680.0,4080.0,1919.0,,4.0,1.0,"4417 Thackeray Pl NE, Seattle, WA 98105",Seattle,98105,Single Family,8728d542bffffff,9
2025-10-28,2850000.0,"15659-Se-9th-St,-Bellevue,-WA-98008",47.602038,-122.128148,1310.0,7000.0,1956.0,,3.0,1.0,"15659 Se 9th St, Bellevue, WA 98008",Bellevue,98008,Single Family,8728d55abffffff,59
2025-10-28,3300000.0,"12703-9th-Ave-NW,-Seattle,-WA-98177",47.721663,-122.368078,3730.0,8786.0,1959.0,,4.0,3.0,"12703 9th Ave NW, Seattle, WA 98177",Seattle,98177,Single Family,8728d5450ffffff,59
2025-10-28,620000.0,"12102-10th-Ave-SW,-Seattle,-WA-98146",47.4947,-122.347289,1390.0,9198.0,1964.0,,4.0,2.0,"12102 10th Ave SW, Seattle, WA 98146",Seattle,98146,Single Family,8728d5529ffffff,38
2025-10-28,274000.0,"8841-36th-Ave-SW,-Seattle,-WA-98126",47.523446,-122.378414,1700.0,6415.0,1952.0,,3.0,1.5,"8841 36th Ave SW, Seattle, WA 98126",Seattle,98126,Single Family,8728d5570ffffff,9
2025-10-28,815000.0,"13128-Se-95th-Way,-Newcastle,-WA-98056",47.518734,-122.164928,1120.0,21154.0,1936.0,,2.0,1.0,"13128 Se 95th Way, Newcastle, WA 98056",Newcastle,98056,Single Family,8728d5510ffffff,7
2025-10-29,700000.0,"4252-Williams-Ave-W,-Seattle,-WA-98199",47.659159,-122.392006,1340.0,1520.0,2006.0,,2.0,2.5,"4252 Williams Ave W, Seattle, WA 98199",Seattle,98199,Single Family,8728d5474ffffff,9
2025-10-29,750000.0,"1620-N-52nd-St,-Seattle,-WA-98103",47.666707,-122.337511,1420.0,3745.0,1920.0,,4.0,2.0,"1620 N 52nd St, Seattle, WA 98103",Seattle,98103,Single Family,8728d540dffffff,9
2025-10-29,765000.0,"3411-20th-Ave-S,-Seattle,-WA-98144",47.572804,-122.305947,1010.0,3916.0,1918.0,,2.0,1.0,"3411 20th Ave S, Seattle, WA 98144",Seattle,98144,Single Family,8728d550bffffff,38
2025-10-29,682605.0,"5114-S-Morgan-St,-Seattle,-WA-98118",47.544481,-122.269189,1100.0,9828.0,1911.0,,2.0,1.0,"5114 S Morgan St, Seattle, WA 98118",Seattle,98118,Single Family,8728d550effffff,9
2025-10-29,1200000.0,"4337-Sw-Trenton-St,-Seattle,-WA-98136",47.524619,-122.389101,2360.0,4000.0,1993.0,,3.0,3.0,"4337 Sw Trenton St, Seattle, WA 98136",Seattle,98136,Single Family,8728d5570ffffff,9
2025-10-29,535000.0,"9400-12th-Ave-SW,-Seattle,-WA-98106",47.519012,-122.350213,1690.0,8320.0,1965.0,,3.0,1.0,"9400 12th Ave SW, Seattle, WA 98106",Seattle,98106,Single Family,8728d5576ffffff,38
2025-10-29,875000.0,"1400-Sw-Thistle-St,-Seattle,-WA-98106",47.528479,-122.353168,2600.0,8104.0,1969.0,,5.0,2.0,"1400 Sw Thistle St, Seattle, WA 98106",Seattle,98106,Single Family,8728d5576ffffff,38
2025-10-29,615000.0,"2452-Sw-Webster-St,-Seattle,-WA-98106",47.53643,-122.364856,1320.0,1957.0,2004.0,,2.0,2.5,"2452 Sw Webster St, Seattle, WA 98106",Seattle,98106,Single Family,8728d5572ffffff,38
2025-10-29,2115000.0,"7200-34th-Ave-NW,-Seattle,-WA-98117",47.68107,-122.400776,3110.0,4295.0,1990.0,,3.0,2.5,"7200 34th Ave NW, Seattle, WA 98117",Seattle,98117,Single Family,8728d5473ffffff,9
2025-10-29,1289900.0,"445-26th-Ave-E,-Seattle,-WA-98112",47.623933,-122.299113,2300.0,2500.0,2002.0,,4.0,2.5,"445 26th Ave E, Seattle, WA 98112",Seattle,98112,Single Family,8728d542effffff,9
2025-10-30,1850000.0,"2134-Bonair-Dr-SW,-Seattle,-WA-98116",47.584601,-122.398386,2750.0,3822.0,1995.0,,3.0,2.5,"2134 Bonair Dr SW, Seattle, WA 98116",Seattle,98116,Single Family,8728d5551ffffff,9
2025-10-30,2200000.0,"1852-40th-Ave-E,-Seattle,-WA-98112",47.63621,-122.281707,2870.0,6000.0,1951.0,,4.0,2.0,"1852 40th Ave E, Seattle, WA 98112",Seattle,98112,Single Family,8728d5405ffffff,7
2025-10-30,3040000.0,"4030-Meridian-Ave-N,-Seattle,-WA-98103",47.656555,-122.333529,3150.0,3800.0,2017.0,,4.0,3.0,"4030 Meridian Ave N, Seattle, WA 98103",Seattle,98103,Single Family,8728d542bffffff,9
2025-10-30,465000.0,"1039-Ne-113th-St,-Seattle,-WA-98125",47.710339,-122.315757,1520.0,3300.0,1984.0,,3.0,2.5,"1039 Ne 113th St, Seattle, WA 98125",Seattle,98125,Single Family,8728d540bffffff,9
2025-10-30,1075000.0,"3100-23rd-Ave-S,-Seattle,-WA-98144",47.575737,-122.303032,2180.0,4000.0,1993.0,,7.0,3.0,"3100 23rd Ave S, Seattle, WA 98144",Seattle,98144,Single Family,8728d550bffffff,38
2025-10-30,1500000.0,"8877-42nd-Ave-SW,-Seattle,-WA-98136",47.523297,-122.38703,2800.0,7200.0,1952.0,,3.0,1.5,"8877 42nd Ave SW, Seattle, WA 98136",Seattle,98136,Single Family,8728d5570ffffff,9
2025-10-30,1300000.0,"2738-Nw-90th-St,-Seattle,-WA-98117",47.694437,-122.392001,1970.0,9785.0,1976.0,,3.0,2.0,"2738 Nw 90th St, Seattle, WA 98117",Seattle,98117,Single Family,8728d5473ffffff,9
2025-10-30,2225000.0,"4510-48th-Ave-NE,-Seattle,-WA-98105",47.661731,-122.275754,3560.0,6254.0,1954.0,,4.0,3.5,"4510 48th Ave NE, Seattle, WA 98105",Seattle,98105,Single Family,8728d5401ffffff,59
2025-10-30,3400000.0,"2029-42nd-Ave-E,-Seattle,-WA-98112",47.637851,-122.278805,1390.0,3300.0,1918.0,,2.0,1.5,"2029 42nd Ave E, Seattle, WA 98112",Seattle,98112,Single Family,8728d5405ffffff,7
2025-10-30,865000.0,"3545-S-116th-St,-Tukwila,-WA-98168",47.499369,-122.286255,2550.0,9368.0,2005.0,,4.0,3.5,"3545 S 116th St, Tukwila, WA 98168",Tukwila,98168,Single Family,8728d552affffff,38
2025-10-30,739900.0,"6701-S-Bangor-St,-Seattle,-WA-98178",47.506215,-122.249906,1670.0,12430.0,1955.0,,3.0,1.5,"6701 S Bangor St, Seattle, WA 98178",Seattle,98178,Single Family,8728d5500ffffff,38
2025-10-30,1830000.0,"11750-Ne-36th-Pl,-Bellevue,-WA-98005",47.643042,-122.183294,3040.0,36342.0,1980.0,,4.0,2.5,"11750 Ne 36th Pl, Bellevue, WA 98005",Bellevue,98005,Single Family,8728d5414ffffff,29
2025-10-30,2350000.0,"326-22nd-Ave-E,-Seattle,-WA-98112",47.622197,-122.303251,3630.0,5775.0,1923.0,,6.0,3.5,"326 22nd Ave E, Seattle, WA 98112",Seattle,98112,Single Family,8728d542effffff,9
2025-10-31,1390500.0,"6545-47th-Ave-NE,-Seattle,-WA-98115",47.677138,-122.278256,2290.0,5782.0,1951.0,,4.0,2.0,"6545 47th Ave NE, Seattle, WA 98115",Seattle,98115,Single Family,8728d540effffff,59
2025-10-31,1825000.0,"5956-38th-Ave-SW,-Seattle,-WA-98126",47.548546,-122.380036,3290.0,6550.0,2016.0,,4.0,2.5,"5956 38th Ave SW, Seattle, WA 98126",Seattle,98126,Single Family,8728d5573ffffff,14
2025-10-31,875000.0,"9713-Dayton-Ave-N,-Seattle,-WA-98103",47.700102,-122.353091,1700.0,5099.0,1976.0,,3.0,1.5,"9713 Dayton Ave N, Seattle, WA 98103",Seattle,98103,Single Family,8728d5454ffffff,9
2025-10-31,775000.0,"8363-29th-Ave-NW,-Seattle,-WA-98117",47.690449,-122.394676,1510.0,1443.0,2009.0,,3.0,2.0,"8363 29th Ave NW, Seattle, WA 98117",Seattle,98117,Single Family,8728d5473ffffff,9
2025-10-31,899000.0,"206-Nw-62nd-St,-Seattle,-WA-98107",47.674514,-122.359852,1630.0,4434.0,1923.0,,4.0,1.0,"206 Nw 62nd St, Seattle, WA 98107",Seattle,98107,Single Family,8728d5472ffffff,9
2025-10-31,831000.0,"2007-N-153rd-Pl,-Shoreline,-WA-98133",47.73975,-122.335698,500.0,7504.0,1979.0,,1.0,2.0,"2007 N 153rd Pl, Shoreline, WA 98133",Shoreline,98133,Single Family,8728d5452ffffff,59
2025-10-31,820000.0,"6320-42nd-Ave-S,-Seattle,-WA-98118",47.545337,-122.280607,2100.0,7670.0,1968.0,,3.0,2.5,"6320 42nd Ave S, Seattle, WA 98118",Seattle,98118,Single Family,8728d550effffff,9
2025-10-31,950000.0,"3701-Sw-Southern-St,-Seattle,-WA-98126",47.529607,-122.379533,2610.0,4353.0,1963.0,,5.0,2.5,"3701 Sw Southern St, Seattle, WA 98126",Seattle,98126,Single Family,8728d5570ffffff,9
2025-11-03,875000.0,"5916-18th-Ave-S,-Seattle,-WA-98108",47.549382,-122.309622,1850.0,6720.0,1907.0,,3.0,1.5,"5916 18th Ave S, Seattle, WA 98108",Seattle,98108,Single Family,8728d5508ffffff,38
2025-11-03,1152000.0,"15327-Ne-1st-St,-Bellevue,-WA-98007",47.610065,-122.134076,1510.0,8250.0,1961.0,,5.0,2.0,"15327 Ne 1st St, Bellevue, WA 98007",Bellevue,98007,Single Family,8728d55abffffff,59
2025-11-03,660000.0,"8356-12th-Ave-NW,-Seattle,-WA-98117",47.690309,-122.371135,1350.0,1138.0,2019.0,,3.0,1.5,"8356 12th Ave NW, Seattle, WA 98117",Seattle,98117,Single Family,8728d5472ffffff,9
2025-11-03,1615000.0,"7503-32nd-Ave-NE,-Seattle,-WA-98115",47.68321,-122.293815,2810.0,5100.0,1953.0,,5.0,3.0,"7503 32nd Ave NE, Seattle, WA 98115",Seattle,98115,Single Family,8728d540effffff,59
2025-11-03,770000.0,"11219-4th-Pl-S,-Seattle,-WA-98168",47.502439,-122.328657,3400.0,18700.0,1992.0,,5.0,3.0,"11219 4th Pl S, Seattle, WA 98168",Seattle,98168,Single Family,8728d5528ffffff,38
2025-11-03,575000.0,"6115-S-Cooper-St,-Seattle,-WA-98178",47.511535,-122.256326,2160.0,7203.0,2022.0,,3.0,2.5,"6115 S Cooper St, Seattle, WA 98178",Seattle,98178,Single Family,8728d5500ffffff,38
2025-11-03,50000.0,"8031-31st-Ave-NW,-Seattle,-WA-98117",47.687668,-122.39731,1660.0,5080.0,1927.0,,4.0,1.0,"8031 31st Ave NW, Seattle, WA 98117",Seattle,98117,Single Family,8728d5473ffffff,9
2025-11-03,1500000.0,"314-17th-Ave,-Kirkland,-WA-98033",47.688834,-122.203235,1820.0,7794.0,1968.0,,4.0,2.0,"314 17th Ave, Kirkland, WA 98033",Kirkland,98033,Single Family,8728d541effffff,59
2025-11-03,1010000.0,"12443-86th-Pl-NE,-Kirkland,-WA-98034",47.713196,-122.226708,1090.0,8889.0,1986.0,,3.0,1.5,"12443 86th Pl NE, Kirkland, WA 98034",Kirkland,98034,Single Family,8728d5418ffffff,59
2025-11-03,1800000.0,"2709-S-Ferdinand-St,-Seattle,-WA-98108",47.558009,-122.297677,3680.0,5001.0,2020.0,,5.0,3.5,"2709 S Ferdinand St, Seattle, WA 98108",Seattle,98108,Single Family,8728d550bffffff,38
2025-11-03,1330000.0,"3027-Nw-69th-St,-Seattle,-WA-98117",47.678526,-122.396882,2320.0,2500.0,2014.0,,4.0,2.5,"3027 Nw 69th St, Seattle, WA 98117",Seattle,98117,Single Family,8728d5470ffffff,9
2025-11-03,950000.0,"9244-Dayton-Ave-N,-Seattle,-WA-98103",47.697342,-122.352276,1090.0,8245.0,1916.0,,2.0,1.5,"9244 Dayton Ave N, Seattle, WA 98103",Seattle,98103,Single Family,8728d5409ffffff,9
2025-11-03,1120000.0,"1101-Nw-62nd-St,-Seattle,-WA-98107",47.673638,-122.371609,1260.0,3240.0,1930.0,,3.0,1.0,"1101 Nw 62nd St, Seattle, WA 98107",Seattle,98107,Single Family,8728d5472ffffff,9
2025-11-03,1615000.0,"6733-9th-Ave-NW,-Seattle,-WA-98117",47.67876,-122.369057,1510.0,5350.0,1912.0,,3.0,2.0,"6733 9th Ave NW, Seattle, WA 98117",Seattle,98117,Single Family,8728d5472ffffff,9
2025-11-04,1730000.0,"14702-Se-80th-Ct,-Newcastle,-WA-98059",47.530366,-122.145012,3210.0,7796.0,1989.0,,4.0,2.5,"14702 Se 80th Ct, Newcastle, WA 98059",Newcastle,98059,Single Family,8728d5510ffffff,7
2025-11-04,1365000.0,"6816-128th-Ave-NE,-Kirkland,-WA-98033",47.666889,-122.169018,1310.0,9498.0,1955.0,,3.0,1.5,"6816 128th Ave NE, Kirkland, WA 98033",Kirkland,98033,Single Family,8728d5410ffffff,59
2025-11-04,1229000.0,"4524-Corliss-Ave-N,-Seattle,-WA-98103",47.662164,-122.330979,1350.0,5700.0,1902.0,,3.0,1.0,"4524 Corliss Ave N, Seattle, WA 98103",Seattle,98103,Single Family,8728d542bffffff,9
2025-11-04,1420000.0,"3636-Greenwood-Ave-N,-Seattle,-WA-98103",47.653585,-122.35521,1510.0,5000.0,1908.0,,3.0,1.5,"3636 Greenwood Ave N, Seattle, WA 98103",Seattle,98103,Single Family,8728d5476ffffff,9
2025-11-04,1310000.0,"8814-Earl-Ave-NW,-Seattle,-WA-98117",47.693224,-122.39157,2580.0,6150.0,1971.0,,4.0,3.0,"8814 Earl Ave NW, Seattle, WA 98117",Seattle,98117,Single Family,8728d5473ffffff,9
2025-11-04,2750000.0,"627-155th-Ave-SE,-Bellevue,-WA-98007",47.603831,-122.134177,1460.0,8470.0,1960.0,,3.0,2.0,"627 155th Ave SE, Bellevue, WA 98007",Bellevue,98007,Single Family,8728d55abffffff,59
2025-11-04,599950.0,"2341D-16th-Ave-S,-Seattle,-WA-98144",47.581764,-122.312363,1180.0,,,,2.0,2.0,"2341D 16th Ave S, Seattle, WA 98144",Seattle,98144,Single Family,8728d5425ffffff,9
2025-11-04,555000.0,"1717-Ne-Edmonds-Ave,-Renton,-WA-98056",47.507766,-122.186033,2010.0,10816.0,1945.0,,3.0,1.0,"1717 Ne Edmonds Ave, Renton, WA 98056",Renton,98056,Single Family,8728d5515ffffff,10
2025-11-05,900000.0,"3631-Meridian-Ave-N,-Seattle,-WA-98103",47.651399,-122.334219,1440.0,4800.0,1909.0,,3.0,1.5,"3631 Meridian Ave N, Seattle, WA 98103",Seattle,98103,Single Family,8728d542bffffff,9
2025-11-05,1250000.0,"3031-34th-Ave-W,-Seattle,-WA-98199",47.647827,-122.40136,1750.0,6000.0,1941.0,,3.0,1.5,"3031 34th Ave W, Seattle, WA 98199",Seattle,98199,Single Family,8728d5474ffffff,9
2025-11-05,973500.0,"2705-Franklin-Ave-E,-Seattle,-WA-98102",47.644708,-122.324876,1290.0,1045.0,2014.0,,3.0,2.5,"2705 Franklin Ave E, Seattle, WA 98102",Seattle,98102,Single Family,8728d5428ffffff,9
2025-11-05,1800000.0,"4878-Beach-Dr-SW,-Seattle,-WA-98116",47.557683,-122.400872,3120.0,6875.0,1968.0,,4.0,2.5,"4878 Beach Dr SW, Seattle, WA 98116",Seattle,98116,Single Family,8728d5546ffffff,9
2025-11-06,1720000.0,"7734-57th-Ave-NE,-Seattle,-WA-98115",47.685495,-122.266894,2720.0,5952.0,1968.0,,5.0,3.5,"7734 57th Ave NE, Seattle, WA 98115",Seattle,98115,Single Family,8728d541dffffff,58
2025-11-06,836000.0,"4308-Sw-Portland-St,-Seattle,-WA-98136",47.533125,-122.387908,1420.0,5248.0,1944.0,,2.0,2.0,"4308 Sw Portland St, Seattle, WA 98136",Seattle,98136,Single Family,8728d5570ffffff,9
2025-11-06,650000.0,"3028-26th-Ave-W,-Seattle,-WA-98199",47.647721,-122.38993,630.0,2696.0,1931.0,,1.0,1.0,"3028 26th Ave W, Seattle, WA 98199",Seattle,98199,Single Family,8728d5474ffffff,9
2025-11-06,750000.0,"11616-Seola-Beach-Dr-SW,-Burien,-WA-98146",47.498954,-122.374027,1950.0,17573.0,1985.0,,3.0,2.0,"11616 Seola Beach Dr SW, Burien, WA 98146",Burien,98146,Single Family,8728d5cdaffffff,30
2025-11-06,1225000.0,"8026-39th-Ave-NE,-Seattle,-WA-98115",47.687495,-122.286027,1910.0,6000.0,1945.0,,4.0,1.5,"8026 39th Ave NE, Seattle, WA 98115",Seattle,98115,Single Family,8728d540effffff,59
2025-11-06,1325000.0,"444-26th-Ave-E,-Seattle,-WA-98112",47.623963,-122.298429,2570.0,2500.0,1998.0,,3.0,3.0,"444 26th Ave E, Seattle, WA 98112",Seattle,98112,Single Family,8728d542effffff,9
2025-11-06,865000.0,"105-Nw-39th-St,-Unit-C,-Seattle,-WA-98107",47.653996,-122.358002,1284.0,,,,3.0,2.0,"105 Nw 39th St, Unit C, Seattle, WA 98107",Seattle,98107,Townhouse,8728d5476ffffff,9
2025-11-07,855000.0,"10009-45th-Ave-NE,-Seattle,-WA-98125",47.701516,-122.280449,1860.0,9448.0,1961.0,,4.0,1.0,"10009 45th Ave NE, Seattle, WA 98125",Seattle,98125,Single Family,8728d540affffff,59
2025-11-07,1300000.0,"3830-165th-Pl-SE,-Bellevue,-WA-98008",47.575998,-122.118649,2500.0,13419.0,1983.0,,3.0,2.0,"3830 165th Pl SE, Bellevue, WA 98008",Bellevue,98008,Single Family,8728d55aeffffff,7
2025-11-07,685000.0,"1522-Ne-97th-St,-Unit-Lower,-Seattle,-WA-98115",47.69968,-122.311002,750.0,,,,1.0,1.0,"1522 Ne 97th St, Unit Lower, Seattle, WA 98115",Seattle,98115,Single Family,8728d540bffffff,9
2025-11-10,730000.0,"5137-Sw-Admiral-Way,-Seattle,-WA-98116",47.579014,-122.398976,1170.0,7140.0,1949.0,,3.0,1.0,"5137 Sw Admiral Way, Seattle, WA 98116",Seattle,98116,Single Family,8728d5542ffffff,9
2025-11-10,3075000.0,"325-18th-Ave,-Kirkland,-WA-98033",47.689158,-122.203154,960.0,14055.0,1972.0,,3.0,1.0,"325 18th Ave, Kirkland, WA 98033",Kirkland,98033,Single Family,8728d541effffff,59
2025-11-10,875000.0,"9714-Palatine-Ave-N,-Seattle,-WA-98103",47.700131,-122.356357,730.0,7620.0,1948.0,,2.0,1.0,"9714 Palatine Ave N, Seattle, WA 98103",Seattle,98103,Single Family,8728d5454ffffff,9
2025-11-10,500000.0,"4833-S-Austin-St,-Seattle,-WA-98118",47.53443,-122.271149,1620.0,8160.0,1940.0,,3.0,1.0,"4833 S Austin St, Seattle, WA 98118",Seattle,98118,Single Family,8728d550effffff,9
2025-11-10,560000.0,"826-Sw-96th-Pl,-Seattle,-WA-98106",47.517074,-122.3463,1410.0,1786.0,2014.0,,3.0,1.5,"826 Sw 96th Pl, Seattle, WA 98106",Seattle,98106,Single Family,8728d5576ffffff,38
2025-11-10,1430000.0,"2404-127th-Ave-SE,-Bellevue,-WA-98005",47.589028,-122.170858,2780.0,10001.0,1958.0,,4.0,3.0,"2404 127th Ave SE, Bellevue, WA 98005",Bellevue,98005,Single Family,8728d55a9ffffff,7
2025-11-10,2040000.0,"137-13th-Ave,-Kirkland,-WA-98033",47.685296,-122.206893,1600.0,9000.0,1950.0,,4.0,1.0,"137 13th Ave, Kirkland, WA 98033",Kirkland,98033,Single Family,8728d5411ffffff,8
2025-11-10,5750000.0,"10648-Woodhaven-Ln,-Bellevue,-WA-98004",47.587392,-122.198682,2340.0,10682.0,1954.0,,5.0,1.5,"10648 Woodhaven Ln, Bellevue, WA 98004",Bellevue,98004,Single Family,8728d5434ffffff,36
2025-11-12,1361000.0,"917-Broadway-E,-Seattle,-WA-98102",47.627405,-122.321612,1430.0,5000.0,1936.0,,2.0,1.0,"917 Broadway E, Seattle, WA 98102",Seattle,98102,Single Family,8728d542effffff,9
2025-11-12,690000.0,"7327-35th-Ave-NE,-Seattle,-WA-98115",47.682006,-122.290632,1220.0,896.0,2015.0,,1.0,1.5,"7327 35th Ave NE, Seattle, WA 98115",Seattle,98115,Single Family,8728d540effffff,59
2025-11-12,1600000.0,"13526-Sherman-Rd-NW,-Seattle,-WA-98177",47.727608,-122.361249,2150.0,9608.0,1961.0,,4.0,2.0,"13526 Sherman Rd NW, Seattle, WA 98177",Seattle,98177,Single Family,8728d5450ffffff,59
2025-11-12,1500000.0,"12207-Se-12th-St,-Bellevue,-WA-98005",47.599908,-122.177255,2200.0,16374.0,1959.0,,3.0,1.5,"12207 Se 12th St, Bellevue, WA 98005",Bellevue,98005,Single Family,8728d5436ffffff,7
2025-11-12,710000.0,"2358-Nw-73rd-St,-Seattle,-WA-98117",47.681494,-122.386911,820.0,3000.0,1906.0,,2.0,1.0,"2358 Nw 73rd St, Seattle, WA 98117",Seattle,98117,Single Family,8728d5473ffffff,9
2025-11-12,480000.0,"7934-20th-Ave-SW,-Seattle,-WA-98106",47.530861,-122.358777,760.0,5120.0,1942.0,,2.0,1.0,"7934 20th Ave SW, Seattle, WA 98106",Seattle,98106,Single Family,8728d5576ffffff,38
2025-11-12,1025000.0,"3314-W-Armour-St,-Seattle,-WA-98199",47.645176,-122.400316,1150.0,4880.0,1921.0,,3.0,1.0,"3314 W Armour St, Seattle, WA 98199",Seattle,98199,Single Family,8728d5474ffffff,9
2025-11-12,590000.0,"10237-31st-Ave-SW,-Seattle,-WA-98146",47.510844,-122.371935,820.0,6300.0,1953.0,,2.0,1.0,"10237 31st Ave SW, Seattle, WA 98146",Seattle,98146,Single Family,8728d5574ffffff,9
2025-11-12,1515000.0,"3032-Nw-65th-St,-Seattle,-WA-98117",47.676031,-122.397211,1640.0,5000.0,1924.0,,3.0,1.5,"3032 Nw 65th St, Seattle, WA 98117",Seattle,98117,Single Family,8728d5470ffffff,9
2025-11-12,580000.0,"13958-51st-Ave-S,-Tukwila,-WA-98168",47.477192,-122.269815,1790.0,19410.0,1948.0,,3.0,2.0,"13958 51st Ave S, Tukwila, WA 98168",Tukwila,98168,Single Family,8728d5523ffffff,38
2025-11-13,675000.0,"5514-S-Avon-St,-Seattle,-WA-98178",47.501688,-122.264458,2020.0,10830.0,1957.0,,4.0,1.5,"5514 S Avon St, Seattle, WA 98178",Seattle,98178,Single Family,8728d5505ffffff,38
2025-11-13,1270000.0,"2842-Nw-62nd-St,-Seattle,-WA-98107",47.673935,-122.394829,1106.0,1729.0,2025.0,,2.0,1.0,"2842 Nw 62nd St, Seattle, WA 98107",Seattle,98107,Single Family,8728d5470ffffff,9
2025-11-13,500000.0,"6348-34th-Ave-Sw-Unit-C,-Seattle,-WA-98126",47.544917,-122.374588,1050.0,1176.0,2005.0,,3.0,2.5,"6348 34th Ave Sw Unit C, Seattle, WA 98126",Seattle,98126,Townhouse,8728d5573ffffff,14
2025-11-14,1295000.0,"5606-59th-Ave-NE,-Seattle,-WA-98105",47.669479,-122.264227,2000.0,6600.0,1947.0,,4.0,2.0,"5606 59th Ave NE, Seattle, WA 98105",Seattle,98105,Single Family,8728d5403ffffff,59
2025-11-14,700000.0,"653-Nw-86th-St,-Seattle,-WA-98117",47.691188,-122.365571,730.0,4650.0,1942.0,,2.0,1.0,"653 Nw 86th St, Seattle, WA 98117",Seattle,98117,Single Family,8728d5472ffffff,9
2025-11-19,985000.0,"318-Bellevue-Ave-E---A,-Seattle,-WA-98102",47.621456,-122.32618,1410.0,,2025.0,,3.0,3.0,"318 Bellevue Ave E # A, Seattle, WA 98102",Seattle,98102,Townhouse,8728d542cffffff,9
2025-11-21,719950.0,"7716-32nd-Ave-SW,-Seattle,-WA-98126",47.533154,-122.373508,2000.0,6150.0,1961.0,,5.0,2.0,"7716 32nd Ave SW, Seattle, WA 98126",Seattle,98126,Single Family,8728d5570ffffff,9
2025-11-21,2650000.0,"612-S-Lucile-St,-Seattle,-WA-98108",47.553598,-122.326205,1100.0,3300.0,1915.0,,3.0,1.0,"612 S Lucile St, Seattle, WA 98108",Seattle,98108,Single Family,8728d5509ffffff,38
2025-11-21,585000.0,"5106-47th-Ave-SW,-Seattle,-WA-98136",47.556083,-122.392016,1850.0,3876.0,1900.0,,3.0,1.0,"5106 47th Ave SW, Seattle, WA 98136",Seattle,98136,Single Family,8728d5573ffffff,14
2025-11-21,775000.0,"8513-19th-Ave-Nw-Unit-B,-Seattle,-WA-98117",47.690964,-122.381402,1418.0,575.0,2025.0,,3.0,1.5,"8513 19th Ave Nw Unit B, Seattle, WA 98117",Seattle,98117,Townhouse,8728d5473ffffff,9
2025-11-21,1300000.0,"322B-N-84th-St,-Seattle,-WA-98103",47.690214,-122.354244,1277.0,1028.0,2025.0,,2.0,1.0,"322B N 84th St, Seattle, WA 98103",Seattle,98103,Single Family,8728d5472ffffff,9
2025-11-24,599000.0,"12038-33rd-Ave-NE,-Seattle,-WA-98125",47.716654,-122.292353,1590.0,1385.0,2022.0,,3.0,2.5,"12038 33rd Ave NE, Seattle, WA 98125",Seattle,98125,Single Family,8728d54e4ffffff,9
2025-11-25,1500000.0,"2610-E-Helen-St,-Seattle,-WA-98112",47.628289,-122.297986,2030.0,5070.0,1984.0,,3.0,2.5,"2610 E Helen St, Seattle, WA 98112",Seattle,98112,Single Family,8728d542effffff,9
2025-11-25,770000.0,"14035-2nd-Ave-Nw-Unit-B,-Seattle,-WA-98177",47.731501,-122.359989,1120.0,2056.0,2025.0,,3.0,2.5,"14035 2nd Ave Nw Unit B, Seattle, WA 98177",Seattle,98177,Single Family,8728d5450ffffff,59
2025-11-26,865000.0,"650-W-Cremona-St,-Seattle,-WA-98119",47.649967,-122.365857,2660.0,4665.0,1958.0,,4.0,3.5,"650 W Cremona St, Seattle, WA 98119",Seattle,98119,Single Family,8728d5429ffffff,9
2025-11-26,775000.0,"13047-39th-Ave-Ne-Unit-A,-Seattle,-WA-98125",47.724358,-122.286814,2431.0,2309.0,2025.0,,4.0,1.5,"13047 39th Ave Ne Unit A, Seattle, WA 98125",Seattle,98125,Single Family,8728d54e4ffffff,9
2025-11-26,1200000.0,"5227-116th-Pl-SE,-Bellevue,-WA-98006",47.555802,-122.183661,1880.0,8377.0,1960.0,,3.0,1.5,"5227 116th Pl SE, Bellevue, WA 98006",Bellevue,98006,Single Family,8728d551effffff,7
2025-12-01,335000.0,"14026-Lenora-Pl-N,-Seattle,-WA-98133",47.73126,-122.343105,1940.0,2548.0,1979.0,,4.0,2.5,"14026 Lenora Pl N, Seattle, WA 98133",Seattle,98133,Single Family,8728d5452ffffff,59
2025-12-02,945000.0,"7936-29th-Ave-SW,-Seattle,-WA-98126",47.530744,-122.369511,2430.0,7680.0,1924.0,,5.0,3.0,"7936 29th Ave SW, Seattle, WA 98126",Seattle,98126,Single Family,8728d5570ffffff,9
2025-12-02,345896.0,"10941-Ne-Seaborn-Rd,-Bainbridge-Island,-WA-98110",47.596847,-122.50424,2036.0,,,,2.0,2.5,"10941 Ne Seaborn Rd, Bainbridge Island, WA 98110",Bainbridge Island,98110,Single Family,8728d5548ffffff,-1
2025-12-03,808000.0,"2608-S-133rd-St,-Seatac,-WA-98168",47.484481,-122.299355,950.0,31521.0,1928.0,,1.0,1.0,"2608 S 133rd St, Seatac, WA 98168",Seatac,98168,Single Family,8728d552effffff,38
2025-12-05,1047000.0,"2037-Nw-61st-St,-Unit-A,-Seattle,-WA-98107",47.672798,-122.383675,1809.0,1220.0,2025.0,,4.0,2.0,"2037 Nw 61st St, Unit A, Seattle, WA 98107",Seattle,98107,Townhouse,8728d5470ffffff,9
2025-12-09,650000.0,"5561-16th-Ave-S,-Seattle,-WA-98108",47.551587,-122.312657,1010.0,4320.0,1968.0,,3.0,1.0,"5561 16th Ave S, Seattle, WA 98108",Seattle,98108,Single Family,8728d5508ffffff,38
2025-12-09,1370000.0,"201-165th-Ave-NE,-Bellevue,-WA-98008",47.612163,-122.120578,1840.0,8250.0,1961.0,,3.0,2.0,"201 165th Ave NE, Bellevue, WA 98008",Bellevue,98008,Single Family,8728d558cffffff,59
2025-12-10,1274000.0,"9015-Dibble-Ave-NW,-Seattle,-WA-98117",47.694801,-122.367747,2497.0,3006.0,2025.0,,4.0,1.5,"9015 Dibble Ave NW, Seattle, WA 98117",Seattle,98117,Townhouse,8728d5454ffffff,9
2025-12-10,2279950.0,"7020-127th-Ave-NE,-Kirkland,-WA-98033",47.668678,-122.170527,1308.0,1542.0,2025.0,,2.0,1.5,"7020 127th Ave NE, Kirkland, WA 98033",Kirkland,98033,Townhouse,8728d5410ffffff,59
2025-12-12,1349000.0,"318B-N-84th-St,-Seattle,-WA-98103",47.690067,-122.354447,1278.0,897.0,2025.0,,2.0,1.0,"318B N 84th St, Seattle, WA 98103",Seattle,98103,Single Family,8728d5472ffffff,9
2025-12-15,527500.0,"4714-Delridge-Way-SW,-Seattle,-WA-98106",47.560589,-122.362612,1420.0,1059.0,2015.0,,3.0,1.0,"4714 Delridge Way SW, Seattle, WA 98106",Seattle,98106,Townhouse,8728d5554ffffff,9
2025-12-15,490000.0,"14308-Midvale-Ave-N,-Seattle,-WA-98133",47.732589,-122.34379,1200.0,703.0,2017.0,,2.0,2.0,"14308 Midvale Ave N, Seattle, WA 98133",Seattle,98133,Townhouse,8728d5452ffffff,59
2025-12-19,536000.0,"10664-63rd-Ave-S,-Seattle,-WA-98178",47.505117,-122.254701,1020.0,7150.0,1959.0,,3.0,1.0,"10664 63rd Ave S, Seattle, WA 98178",Seattle,98178,Single Family,8728d5500ffffff,38
2025-12-22,1150000.0,"142-160th-Ave-SE,-Bellevue,-WA-98008",47.607799,-122.126356,4055.0,8276.0,2026.0,,5.0,3.5,"142 160th Ave SE, Bellevue, WA 98008",Bellevue,98008,Single Family,8728d558cffffff,59
2025-12-22,1100000.0,"13307-Ne-77th-St,-Redmond,-WA-98052",47.672705,-122.16251,1940.0,12449.0,1967.0,,4.0,1.0,"13307 Ne 77th St, Redmond, WA 98052",Redmond,98052,Single Family,8728d5410ffffff,59
2025-12-23,727000.0,"1755-Ne-89th-St,-Seattle,-WA-98115",47.692845,-122.307045,950.0,5976.0,1940.0,,2.0,1.0,"1755 Ne 89th St, Seattle, WA 98115",Seattle,98115,Single Family,8728d5408ffffff,9
2025-12-23,665000.0,"109-22nd-Ave-E,-Seattle,-WA-98112",47.618788,-122.303948,1043.0,4000.0,1900.0,,2.0,2.0,"109 22nd Ave E, Seattle, WA 98112",Seattle,98112,Townhouse,8728d542effffff,9
2025-12-30,575000.0,"5033-25th-Ave-Sw-Unit-A,-Seattle,-WA-98106",47.556408,-122.364765,2460.0,4970.0,2025.0,,4.0,3.0,"5033 25th Ave Sw Unit A, Seattle, WA 98106",Seattle,98106,Townhouse,8728d5554ffffff,9
2026-01-05,675000.0,"8853-Stone-Ave-N,-Seattle,-WA-98103",47.69387,-122.341586,1596.0,1596.0,2018.0,,3.0,3.5,"8853 Stone Ave N, Seattle, WA 98103",Seattle,98103,Single Family,8728d5409ffffff,9
2026-01-05,649950.0,"4405-S-Holly-St,-Seattle,-WA-98118",47.542174,-122.277765,1837.0,4957.0,2025.0,,3.0,1.5,"4405 S Holly St, Seattle, WA 98118",Seattle,98118,Townhouse,8728d550effffff,9
2026-01-06,1010000.0,"9704-Ne-124th-St,-Kirkland,-WA-98034",47.711532,-122.212151,1220.0,7244.0,1971.0,,3.0,1.5,"9704 Ne 124th St, Kirkland, WA 98034",Kirkland,98034,Single Family,8728d541affffff,59
2026-01-06,750000.0,"1421-19th-Ave-Unit-D,-Seattle,-WA-98122",47.613598,-122.307745,1318.0,1059.0,2025.0,,2.0,1.0,"1421 19th Ave Unit D, Seattle, WA 98122",Seattle,98122,Townhouse,8728d5421ffffff,9
2026-01-08,1315000.0,"7407-127th-Ave-NE,-Kirkland,-WA-98033",47.671044,-122.171089,4143.0,9736.0,2026.0,,5.0,3.5,"7407 127th Ave NE, Kirkland, WA 98033",Kirkland,98033,Single Family,8728d5410ffffff,59
2026-01-12,800000.0,"7341-21st-Ave-NE,-Seattle,-WA-98115",47.682487,-122.305732,1480.0,6800.0,1941.0,,3.0,1.5,"7341 21st Ave NE, Seattle, WA 98115",Seattle,98115,Single Family,8728d5408ffffff,9
2026-01-15,340000.0,"11244-10th-Ave-S,-Seattle,-WA-98168",47.501681,-122.32014,810.0,9601.0,1938.0,,2.0,1.0,"11244 10th Ave S, Seattle, WA 98168",Seattle,98168,Single Family,8728d5528ffffff,38
2026-01-16,775000.0,"1114-26th-Ave-Unit-A,-Seattle,-WA-98122",47.612079,-122.298439,2015.0,1803.0,2025.0,,3.0,2.5,"1114 26th Ave Unit A, Seattle, WA 98122",Seattle,98122,Townhouse,8728d5421ffffff,9
2026-01-16,995000.0,"1746B-Nw-62nd-St,-Seattle,-WA-98107",47.673966,-122.381,1762.0,1176.0,2025.0,,4.0,1.5,"1746B Nw 62nd St, Seattle, WA 98107",Seattle,98107,Townhouse,8728d5470ffffff,9
2026-01-22,754000.0,"14035-2nd-Ave-NW,-Seattle,-WA-98177",47.7315,-122.35999,1320.0,2513.0,1943.0,,3.0,1.0,"14035 2nd Ave NW, Seattle, WA 98177",Seattle,98177,Single Family,8728d5450ffffff,59
2026-01-22,1059000.0,"713B-N-70th-St,-Seattle,-WA-98103",47.679352,-122.349199,1043.0,536.0,2025.0,,2.0,1.0,"713B N 70th St, Seattle, WA 98103",Seattle,98103,Townhouse,8728d540dffffff,9
2026-01-23,390000.0,"2506-23rd-Ave-S,-Seattle,-WA-98144",47.580696,-122.303019,780.0,5044.0,1951.0,,2.0,1.0,"2506 23rd Ave S, Seattle, WA 98144",Seattle,98144,Single Family,8728d5425ffffff,9
2026-01-28,830000.0,"5801-55th-Ave-Ne-Unit-A,-Seattle,-WA-98105",47.670479,-122.269001,1590.0,1703.0,2006.0,,3.0,2.5,"5801 55th Ave Ne Unit A, Seattle, WA 98105",Seattle,98105,Townhouse,8728d5403ffffff,59
2026-01-30,959000.0,"7555-32nd-Ave-Sw-Unit-B,-Seattle,-WA-98126",47.533897,-122.374299,1080.0,1799.0,2026.0,,3.0,2.5,"7555 32nd Ave Sw Unit B, Seattle, WA 98126",Seattle,98126,Single Family,8728d5570ffffff,9
2026-02-04,4000000.0,"955-103rd-Ave-SE,-Bellevue,-WA-98004",47.601821,-122.202525,5902.0,10067.0,2025.0,,5.0,4.5,"955 103rd Ave SE, Bellevue, WA 98004",Bellevue,98004,Single Family,8728d5434ffffff,36
2026-02-11,749000.0,"316-N-84th-St,-Seattle,-WA-98103",47.690065,-122.354449,1220.0,1512.0,2025.0,,2.0,1.5,"316 N 84th St, Seattle, WA 98103",Seattle,98103,Single Family,8728d5472ffffff,9
2026-02-12,850000.0,"1616-S-Juneau-St,-Seattle,-WA-98108",47.550048,-122.311485,1098.0,889.0,2025.0,,2.0,2.0,"1616 S Juneau St, Seattle, WA 98108",Seattle,98108,Single Family,8728d5508ffffff,38
2026-02-19,1000000.0,"1114-26th-Ave-Unit-C,-Seattle,-WA-98122",47.612077,-122.29844,2070.0,1847.0,2025.0,,4.0,2.5,"1114 26th Ave Unit C, Seattle, WA 98122",Seattle,98122,Townhouse,8728d5421ffffff,9
2026-02-20,850000.0,"4274-Ne-50th-St,-Seattle,-WA-98105",47.665061,-122.280775,2020.0,1185.0,2019.0,,4.0,2.5,"4274 Ne 50th St, Seattle, WA 98105",Seattle,98105,Townhouse,8728d5401ffffff,59
2026-02-24,1215000.0,"3323-Ne-156th-St,-Lake-Forest-Park,-WA-98155",47.741384,-122.293104,2430.0,15590.0,1978.0,,3.0,2.5,"3323 Ne 156th St, Lake Forest Park, WA 98155",Lake Forest Park,98155,Single Family,8728d54e0ffffff,59
2026-02-26,799900.0,"5514-25th-Ave-NE,-Seattle,-WA-98105",47.66902,-122.300298,1665.0,5000.0,1918.0,,6.0,5.0,"5514 25th Ave NE, Seattle, WA 98105",Seattle,98105,Single Family,8728d540cffffff,9
