id,address,latitude,longitude,lastSalePrice,squareFootage,lotSize,bedrooms,bathrooms,propertyType,lastSaleDate
"15560-Westminster-Way-N,-Shoreline,-WA-98133","15560 Westminster Way N, Shoreline, WA 98133",47.742354,-122.346376,112200000,450,5000,0,1.0,Apartment,2025-12-22
"14330-24th-Pl-NE,-Seattle,-WA-98125","14330 24th Pl NE, Seattle, WA 98125",47.733140,-122.302357,860000,1090,9151,2,1.0,Single Family,2025-10-17
"1548-Ne-140th-St,-Seattle,-WA-98125","1548 Ne 140th St, Seattle, WA 98125",47.730910,-122.311038,559500,1736,292300,2,1.5,Condo,2025-10-20
"2007-N-153rd-Pl,-Shoreline,-WA-98133","2007 N 153rd Pl, Shoreline, WA 98133",47.739750,-122.335698,831000,500,7504,1,2.0,Single Family,2025-10-31
"14308-Midvale-Ave-N,-Seattle,-WA-98133","14308 Midvale Ave N, Seattle, WA 98133",47.732589,-122.343790,490000,1200,703,2,2.0,Townhouse,2025-12-15
"14026-Lenora-Pl-N,-Seattle,-WA-98133","14026 Lenora Pl N, Seattle, WA 98133",47.731260,-122.343105,335000,1940,2548,4,2.5,Single Family,2025-12-01
"14035-2nd-Ave-Nw-Unit-B,-Seattle,-WA-98177","14035 2nd Ave Nw Unit B, Seattle, WA 98177",47.731501,-122.359989,770000,1120,2056,3,2.5,Single Family,2025-11-25
"14035-2nd-Ave-NW,-Seattle,-WA-98177","14035 2nd Ave NW, Seattle, WA 98177",47.731494,-122.359986,754000,1320,8100,3,1.5,Single Family,2026-01-22
"106-N-140th-St,-Seattle,-WA-98133","106 N 140th St, Seattle, WA 98133",47.730660,-122.357848,1820000,3390,8235,5,2.5,Single Family,2026-01-16
"13526-Sherman-Rd-NW,-Seattle,-WA-98177","13526 Sherman Rd NW, Seattle, WA 98177",47.727608,-122.361249,1600000,2150,9608,4,2.0,Single Family,2025-11-12
"13713-Greenwood-Ave-N,-Seattle,-WA-98133","13713 Greenwood Ave N, Seattle, WA 98133",47.729141,-122.355982,595000,1710,1680,3,2.0,Single Family,2025-12-12
"13709-Greenwood-Ave-N,-Seattle,-WA-98133","13709 Greenwood Ave N, Seattle, WA 98133",47.729066,-122.355982,605000,1700,1680,3,2.5,Single Family,2025-12-03
"604-N-143rd-St,-Seattle,-WA-98133","604 N 143rd St, Seattle, WA 98133",47.732562,-122.351287,1025000,990,14238,2,1.0,Single Family,2025-12-18
"13229-Linden-Ave-N,-Apt-510B,-Seattle,-WA-98133","13229 Linden Ave N, Apt 510B, Seattle, WA 98133",47.724805,-122.347955,465000,1235,177800,3,2.0,Condo,2026-01-15
"300-N-130th-St,-Unit-9302,-Seattle,-WA-98133","300 N 130th St, Unit 9302, Seattle, WA 98133",47.723936,-122.354591,305000,707,203091,1,1.0,Condo,2025-12-08
"12715-Dayton-Ave-N,-Seattle,-WA-98133","12715 Dayton Ave N, Seattle, WA 98133",47.721899,-122.353168,755000,1710,7650,3,1.5,Single Family,2025-10-03
"12534-N-Park-Ave-N,-Unit-Lower,-Seattle,-WA-98133","12534 N Park Ave N, Unit Lower, Seattle, WA 98133",47.720676,-122.349070,770000,890,5000,2,1.0,Apartment,2026-01-09
"12534-N-Park-Ave-N,-Seattle,-WA-98133","12534 N Park Ave N, Seattle, WA 98133",47.720618,-122.349141,770000,1780,8195,4,1.5,Single Family,2026-01-09
"1552-N-128th-St,-Seattle,-WA-98133","1552 N 128th St, Seattle, WA 98133",47.722496,-122.337219,805000,1370,10313,3,1.0,Single Family,2025-10-10
"13753-Ashworth-Ave-N,-Seattle,-WA-98133","13753 Ashworth Ave N, Seattle, WA 98133",47.730155,-122.340032,570000,660,7560,2,1.0,Single Family,2025-10-16
"132-Ne-130th-St,-Seattle,-WA-98125","132 Ne 130th St, Seattle, WA 98125",47.723329,-122.327458,740000,2010,6900,3,1.5,Single Family,2025-10-09
"2138-N-130th-St,-Seattle,-WA-98133","2138 N 130th St, Seattle, WA 98133",47.723439,-122.332489,625000,1320,7129,3,1.5,Single Family,2025-10-22
"1742-N-122nd-St,-Seattle,-WA-98133","1742 N 122nd St, Seattle, WA 98133",47.717358,-122.335408,900000,2170,11154,4,2.5,Single Family,2025-10-10
"11326-3rd-Ave-NE,-Apt-204,-Seattle,-WA-98125","11326 3rd Ave NE, Apt 204, Seattle, WA 98125",47.711261,-122.325654,295000,493,7205,1,1.0,Condo,2025-10-10
"11300-1st-Ave-NE,-Apt-306,-Seattle,-WA-98125","11300 1st Ave NE, Apt 306, Seattle, WA 98125",47.711315,-122.327736,377000,1184,113043,2,2.0,Condo,2025-10-23
"1039-Ne-113th-St,-Seattle,-WA-98125","1039 Ne 113th St, Seattle, WA 98125",47.710348,-122.315748,465000,1520,3302,3,2.5,Single Family,2025-10-30
"1018-Ne-112th-St,-Seattle,-WA-98125","1018 Ne 112th St, Seattle, WA 98125",47.710004,-122.316963,3425000,665,5000,1,1.0,Apartment,2025-10-24
"11550-22nd-Ave-NE,-Seattle,-WA-98125","11550 22nd Ave NE, Seattle, WA 98125",47.713600,-122.305284,550000,870,8100,2,1.0,Single Family,2025-10-07
"12038-33rd-Ave-NE,-Seattle,-WA-98125","12038 33rd Ave NE, Seattle, WA 98125",47.716654,-122.292353,599000,1590,1384,3,2.5,Single Family,2025-11-24
"2349-Ne-127th-St,-Seattle,-WA-98125","2349 Ne 127th St, Seattle, WA 98125",47.720844,-122.302551,749950,2500,3698,4,3.0,Single Family,2025-10-16
"2349B-Ne-127th-St,-Seattle,-WA-98125","2349B Ne 127th St, Seattle, WA 98125",47.720842,-122.302552,749950,1100,2500,3,2.5,Townhouse,2025-10-16
"13046-15th-Ave-NE,-Seattle,-WA-98125","13046 15th Ave NE, Seattle, WA 98125",47.724477,-122.312224,500000,1252,8712,3,1.0,Single Family,2025-10-21
"13702-15th-Ave-NE,-Seattle,-WA-98125","13702 15th Ave NE, Seattle, WA 98125",47.728656,-122.312377,900000,1936,6350,3,2.0,Apartment,2025-10-02
"3029-Ne-133rd-St,-Seattle,-WA-98125","3029 Ne 133rd St, Seattle, WA 98125",47.724489,-122.295088,825000,1350,5932,3,1.5,Single Family,2025-10-06
"13726-23rd-Ave-NE,-Seattle,-WA-98125","13726 23rd Ave NE, Seattle, WA 98125",47.729199,-122.304354,630000,800,7800,2,1.0,Single Family,2025-10-23
"14314-27th-Ave-NE,-Seattle,-WA-98125","14314 27th Ave NE, Seattle, WA 98125",47.732470,-122.298808,635000,1350,8876,4,1.0,Single Family,2025-10-21
"13047-39th-Ave-Ne-Unit-A,-Seattle,-WA-98125","13047 39th Ave Ne Unit A, Seattle, WA 98125",47.724358,-122.286814,775000,2431,2309,4,1.5,Single Family,2025-11-26
"2801-Ne-130th-St,-Apt-C101,-Seattle,-WA-98125","2801 Ne 130th St, Apt C101, Seattle, WA 98125",47.722666,-122.297057,488500,1341,33453,2,1.5,Condo,2025-11-05
"14528-35th-Ave-NE,-Lake-Forest-Park,-WA-98155","14528 35th Ave NE, Lake Forest Park, WA 98155",47.733938,-122.291058,725000,1710,1020,3,3.0,Single Family,2025-10-15
"3323-Ne-156th-St,-Lake-Forest-Park,-WA-98155","3323 Ne 156th St, Lake Forest Park, WA 98155",47.741384,-122.293104,1215000,2430,15590,3,2.5,Single Family,2026-02-24
"8717-Ne-137th-Pl,-Kirkland,-WA-98034","8717 Ne 137th Pl, Kirkland, WA 98034",47.723444,-122.224549,997000,1300,10272,3,1.5,Single Family,2025-10-17
"12443-86th-Pl-NE,-Kirkland,-WA-98034","12443 86th Pl NE, Kirkland, WA 98034",47.713196,-122.226708,1010000,1090,8889,3,1.5,Single Family,2025-11-03
"7725-Ne-142nd-Pl,-Kirkland,-WA-98034","7725 Ne 142nd Pl, Kirkland, WA 98034",47.729937,-122.236994,1325000,2030,7700,4,2.0,Single Family,2025-09-30
"7435-Ne-129th-St,-Kirkland,-WA-98034","7435 Ne 129th St, Kirkland, WA 98034",47.715654,-122.241052,2750000,2840,61873,4,2.5,Single Family,2025-10-23
"8318-Ne-122nd-Pl,-Kirkland,-WA-98034","8318 Ne 122nd Pl, Kirkland, WA 98034",47.710867,-122.230253,995000,2000,8165,3,1.5,Single Family,2025-10-15
"8626-Ne-121st-Pl,-Kirkland,-WA-98034","8626 Ne 121st Pl, Kirkland, WA 98034",47.709740,-122.225988,1935000,3260,14872,3,2.5,Single Family,2025-10-24
"11644-100th-Ave-NE,-Apt-308,-Kirkland,-WA-98034","11644 100th Ave NE, Apt 308, Kirkland, WA 98034",47.705061,-122.207932,537000,1135,110149,2,2.0,Condo,2025-10-14
"9902-Ne-124th-St,-Apt-1202,-Kirkland,-WA-98034","9902 Ne 124th St, Apt 1202, Kirkland, WA 98034",47.711266,-122.209413,494000,937,401370,2,1.5,Condo,2025-11-13
"9704-Ne-124th-St,-Kirkland,-WA-98034","9704 Ne 124th St, Kirkland, WA 98034",47.711532,-122.212151,1010000,1220,7244,3,1.5,Single Family,2026-01-06
"12221-94th-Pl-NE,-Kirkland,-WA-98034","12221 94th Pl NE, Kirkland, WA 98034",47.710429,-122.215229,1005000,2100,9632,4,1.5,Single Family,2025-12-03
"9641-Ne-121st-Ln,-Kirkland,-WA-98034","9641 Ne 121st Ln, Kirkland, WA 98034",47.709234,-122.211729,600000,1088,1264,2,1.5,Single Family,2025-10-01
"9637-Ne-121st-Ln,-Kirkland,-WA-98034","9637 Ne 121st Ln, Kirkland, WA 98034",47.709232,-122.211876,545000,1098,1416,2,1.5,Single Family,2025-11-07
"12009-100th-Ave-NE,-Apt-1,-Kirkland,-WA-98034","12009 100th Ave NE, Apt 1, Kirkland, WA 98034",47.707916,-122.208307,540350,1257,22147,3,2.0,Condo,2025-10-09
"12221-100th-Ave-NE,-Apt-103,-Kirkland,-WA-98034","12221 100th Ave NE, Apt 103, Kirkland, WA 98034",47.710264,-122.207852,300000,654,40214,1,1.0,Condo,2025-10-03
"10016-Ne-124th-Pl,-Kirkland,-WA-98034","10016 Ne 124th Pl, Kirkland, WA 98034",47.711780,-122.206927,500000,1266,111976,2,2.0,Condo,2025-10-01
"12630-100th-Ln-NE,-Unit-G131,-Kirkland,-WA-98034","12630 100th Ln NE, Unit G131, Kirkland, WA 98034",47.715544,-122.206802,445000,980,421322,2,1.0,Condo,2025-12-17
"12510-109th-Ct-NE,-Apt-E101,-Kirkland,-WA-98034","12510 109th Ct NE, Apt E101, Kirkland, WA 98034",47.712101,-122.196680,485000,1138,408480,3,2.0,Condo,2025-10-01
"11722-Ne-112th-St,-Kirkland,-WA-98033","11722 Ne 112th St, Kirkland, WA 98033",47.701380,-122.183895,1775000,2560,8576,4,2.5,Single Family,2025-10-14
"11609-Ne-111th-St,-Kirkland,-WA-98033","11609 Ne 111th St, Kirkland, WA 98033",47.699305,-122.186052,1941618,2770,8569,4,2.5,Single Family,2025-10-17
"11618-Ne-111th-St,-Kirkland,-WA-98033","11618 Ne 111th St, Kirkland, WA 98033",47.699691,-122.185849,2905000,1250,9702,3,1.0,Single Family,2025-10-14
"11136-108th-Ave-NE,-Kirkland,-WA-98033","11136 108th Ave NE, Kirkland, WA 98033",47.700115,-122.197438,1150500,990,3489,2,1.0,Single Family,2025-10-10
"522-19th-Ave,-Kirkland,-WA-98033","522 19th Ave, Kirkland, WA 98033",47.691632,-122.199012,2200000,2320,7500,3,2.0,Single Family,2025-10-08
"12315-Ne-97th-St,-Apt-G,-Kirkland,-WA-98033","12315 Ne 97th St, Apt G, Kirkland, WA 98033",47.687692,-122.177290,515000,1050,145855,2,1.5,Condo,2025-09-29
"11849-Ne-105th-Ln,-Kirkland,-WA-98033","11849 Ne 105th Ln, Kirkland, WA 98033",47.693328,-122.182214,1160000,1420,6075,3,1.5,Single Family,2025-10-14
"8258-133rd-Ave-NE,-Redmond,-WA-98052","8258 133rd Ave NE, Redmond, WA 98052",47.677032,-122.162131,4000000,1530,9984,3,2.0,Single Family,2025-10-23
"12835-Ne-80th-St,-Kirkland,-WA-98033","12835 Ne 80th St, Kirkland, WA 98033",47.675084,-122.167783,3250000,1940,10396,4,2.0,Single Family,2025-10-23
"7728-131st-Ave-NE,-Kirkland,-WA-98033","7728 131st Ave NE, Kirkland, WA 98033",47.673438,-122.164982,1520000,1970,8314,3,2.0,Single Family,2025-10-31
"13307-Ne-77th-St,-Redmond,-WA-98052","13307 Ne 77th St, Redmond, WA 98052",47.672705,-122.162510,1100000,1940,12449,4,1.0,Single Family,2025-12-22
"13222-Ne-70th-St,-Kirkland,-WA-98033","13222 Ne 70th St, Kirkland, WA 98033",47.668297,-122.162956,4200000,1430,12096,3,1.0,Single Family,2025-10-17
"13305-Ne-74th-St,-Redmond,-WA-98052","13305 Ne 74th St, Redmond, WA 98052",47.670936,-122.162461,1155000,1290,7746,3,1.5,Single Family,2025-10-21
"7512-132nd-Ave-NE,-Kirkland,-WA-98033","7512 132nd Ave NE, Kirkland, WA 98033",47.672030,-122.163445,1430000,840,18282,3,1.0,Single Family,2025-10-28
"6816-128th-Ave-NE,-Kirkland,-WA-98033","6816 128th Ave NE, Kirkland, WA 98033",47.666889,-122.169018,1365000,1310,9498,3,1.5,Single Family,2025-11-04
"7020-127th-Ave-NE,-Kirkland,-WA-98033","7020 127th Ave NE, Kirkland, WA 98033",47.668678,-122.170527,2279950,1308,1542,2,1.5,Townhouse,2025-12-10
"7407-127th-Ave-NE,-Kirkland,-WA-98033","7407 127th Ave NE, Kirkland, WA 98033",47.671044,-122.171089,1315000,4143,9736,5,3.5,Single Family,2026-01-08
"12709-Ne-80th-Ln,-Kirkland,-WA-98033","12709 Ne 80th Ln, Kirkland, WA 98033",47.675856,-122.170775,1300000,1400,12000,3,2.0,Single Family,2025-10-21
"215-9th-St,-Apt-D102,-Kirkland,-WA-98033","215 9th St, Apt D102, Kirkland, WA 98033",47.677249,-122.191911,525000,988,177650,2,2.0,Condo,2025-11-12
"1111-Kirkland-Ave,-Unit-3A,-Kirkland,-WA-98033","1111 Kirkland Ave, Unit 3A, Kirkland, WA 98033",47.675049,-122.189485,372000,695,5000,1,1.0,Condo,2025-12-30
"6552-116th-Pl-NE,-Kirkland,-WA-98033","6552 116th Pl NE, Kirkland, WA 98033",47.664864,-122.184474,1300000,1640,7910,4,1.5,Single Family,2025-10-31
"11206-Ne-68th-St,-Apt-224,-Kirkland,-WA-98033","11206 Ne 68th St, Apt 224, Kirkland, WA 98033",47.666814,-122.190646,270000,720,321500,1,1.0,Condo,2025-10-15
"11206-Ne-68th-St,-Apt-223,-Kirkland,-WA-98033","11206 Ne 68th St, Apt 223, Kirkland, WA 98033",47.666814,-122.190646,273000,720,321500,1,1.0,Condo,2025-10-16
"6717-110th-Ave-NE,-Apt-A4,-Kirkland,-WA-98033","6717 110th Ave NE, Apt A4, Kirkland, WA 98033",47.666243,-122.194171,690000,1216,55600,2,2.0,Condo,2025-10-10
"11310-Ne-60th-St,-Kirkland,-WA-98033","11310 Ne 60th St, Kirkland, WA 98033",47.661310,-122.189278,2165000,2620,15623,4,2.5,Single Family,2025-09-29
"5906-112th-Pl-NE,-Kirkland,-WA-98033","5906 112th Pl NE, Kirkland, WA 98033",47.660439,-122.189756,1540336,2220,8602,3,1.5,Single Family,2025-10-21
"420-8th-Ave,-Kirkland,-WA-98033","420 8th Ave, Kirkland, WA 98033",47.681567,-122.200625,1525000,940,7200,2,1.0,Single Family,2025-10-07
"1006-5th-St,-Kirkland,-WA-98033","1006 5th St, Kirkland, WA 98033",47.683280,-122.199026,2335000,4170,9664,6,5.0,Single Family,2025-09-29
"405-13th-Ave,-Kirkland,-WA-98033","405 13th Ave, Kirkland, WA 98033",47.685442,-122.199961,1320000,1530,7000,3,1.5,Single Family,2025-10-16
"116-12th-Ave,-Kirkland,-WA-98033","116 12th Ave, Kirkland, WA 98033",47.684877,-122.207731,3500000,3030,5996,4,2.5,Single Family,2025-10-17
"137-13th-Ave,-Kirkland,-WA-98033","137 13th Ave, Kirkland, WA 98033",47.685296,-122.206893,2040000,1600,9000,4,1.0,Single Family,2025-11-10
"1504-3rd-St,-Kirkland,-WA-98033","1504 3rd St, Kirkland, WA 98033",47.687468,-122.204146,1260000,3278,5410,4,4.5,Single Family,2025-10-08
"1506-3rd-St,-Kirkland,-WA-98033","1506 3rd St, Kirkland, WA 98033",47.687496,-122.204157,1260000,1490,9375,3,1.5,Single Family,2025-10-08
"505-18th-Ave,-Kirkland,-WA-98033","505 18th Ave, Kirkland, WA 98033",47.689071,-122.199775,6000000,1940,57230,4,2.0,Single Family,2025-10-03
"325-18th-Ave,-Kirkland,-WA-98033","325 18th Ave, Kirkland, WA 98033",47.689158,-122.203154,3075000,960,14055,3,1.0,Single Family,2025-11-10
"314-17th-Ave,-Kirkland,-WA-98033","314 17th Ave, Kirkland, WA 98033",47.688834,-122.203235,1500000,1820,7794,4,2.0,Single Family,2025-11-03
"4510-48th-Ave-NE,-Seattle,-WA-98105","4510 48th Ave NE, Seattle, WA 98105",47.661731,-122.275754,2225000,3560,6254,4,3.5,Single Family,2025-10-30
"5801-55th-Ave-Ne-Unit-A,-Seattle,-WA-98105","5801 55th Ave Ne Unit A, Seattle, WA 98105",47.670479,-122.269001,830000,1590,1703,3,2.5,Townhouse,2026-01-28
"5606-59th-Ave-NE,-Seattle,-WA-98105","5606 59th Ave NE, Seattle, WA 98105",47.669503,-122.264221,1295000,2000,6600,3,1.5,Single Family,2025-11-14
"6515-Ne-60th-St,-Seattle,-WA-98115","6515 Ne 60th St, Seattle, WA 98115",47.671811,-122.257418,1500000,1760,9600,3,1.5,Single Family,2025-09-30
"6023-Ne-61st-St,-Seattle,-WA-98115","6023 Ne 61st St, Seattle, WA 98115",47.672602,-122.262434,1850000,2830,4515,4,2.5,Single Family,2025-10-31
"5505-Ne-65th-St,-Seattle,-WA-98115","5505 Ne 65th St, Seattle, WA 98115",47.675548,-122.268594,1598800,400,5998,0,1.0,Apartment,2025-12-19
"5159-Ne-55th-St,-Seattle,-WA-98105","5159 Ne 55th St, Seattle, WA 98105",47.668238,-122.270783,2500000,3060,10800,2,2.5,Single Family,2025-10-01
"5101-Ne-55th-St,-Apt-104,-Seattle,-WA-98105","5101 Ne 55th St, Apt 104, Seattle, WA 98105",47.668236,-122.272980,550000,1250,12148,2,1.5,Condo,2025-09-30
"5143-48th-Ave-NE,-Seattle,-WA-98105","5143 48th Ave NE, Seattle, WA 98105",47.667240,-122.276412,1138650,840,6256,2,1.0,Single Family,2025-10-31
"4274-Ne-50th-St,-Seattle,-WA-98105","4274 Ne 50th St, Seattle, WA 98105",47.665061,-122.280775,850000,2020,1185,4,2.5,Townhouse,2026-02-20
"5746-37th-Ave-NE,-Seattle,-WA-98105","5746 37th Ave NE, Seattle, WA 98105",47.671689,-122.287661,1280000,1890,4013,3,2.5,Single Family,2025-10-21
"5549-39th-Ave-NE,-Seattle,-WA-98105","5549 39th Ave NE, Seattle, WA 98105",47.669955,-122.286106,1050000,1110,5350,2,1.0,Single Family,2025-10-24
"6504-39th-Ave-NE,-Seattle,-WA-98115","6504 39th Ave NE, Seattle, WA 98115",47.675963,-122.285661,1895000,2740,5800,3,2.5,Single Family,2025-11-25
"6517-39th-Ave-NE,-Seattle,-WA-98115","6517 39th Ave NE, Seattle, WA 98115",47.676355,-122.286295,680000,860,5243,2,1.0,Single Family,2026-01-13
"7003-37th-Ave-NE,-Seattle,-WA-98115","7003 37th Ave NE, Seattle, WA 98115",47.679584,-122.288554,1112500,4207,3973,5,2.5,Condo,2026-01-21
"6855-43rd-Ave-NE,-Seattle,-WA-98115","6855 43rd Ave NE, Seattle, WA 98115",47.679194,-122.282561,1088000,2050,5700,3,1.5,Single Family,2025-10-24
"7054-38th-Ave-NE,-Seattle,-WA-98115","7054 38th Ave NE, Seattle, WA 98115",47.680962,-122.286858,1210000,1370,5243,3,2.0,Single Family,2025-10-03
"7016-34th-Ave-NE,-Seattle,-WA-98115","7016 34th Ave NE, Seattle, WA 98115",47.679945,-122.291141,1150000,1330,3800,3,1.5,Single Family,2025-10-21
"7015-26th-Ave-NE,-Seattle,-WA-98115","7015 26th Ave NE, Seattle, WA 98115",47.679911,-122.299909,1185000,2370,6000,4,2.0,Single Family,2025-10-16
"7516-28th-Ave-NE,-Seattle,-WA-98115","7516 28th Ave NE, Seattle, WA 98115",47.683537,-122.296834,1250000,2900,8044,7,2.5,Single Family,2025-10-24
"8314-28th-Ave-NE,-Seattle,-WA-98115","8314 28th Ave NE, Seattle, WA 98115",47.689916,-122.296995,2150000,1938,3398,3,1.5,Single Family,2025-10-22
"7713-36th-Ave-NE,-Seattle,-WA-98115","7713 36th Ave NE, Seattle, WA 98115",47.685284,-122.289830,960000,1000,5000,2,1.0,Single Family,2025-10-14
"7560-30th-Ave-NE,-Seattle,-WA-98115","7560 30th Ave NE, Seattle, WA 98115",47.684711,-122.295563,2515000,3520,4588,4,3.5,Single Family,2025-10-08
"7521-30th-Ave-NE,-Seattle,-WA-98115","7521 30th Ave NE, Seattle, WA 98115",47.683710,-122.296292,1861900,2530,8165,3,1.5,Single Family,2025-09-30
"7520-31st-Ave-NE,-Seattle,-WA-98115","7520 31st Ave NE, Seattle, WA 98115",47.683674,-122.294470,755000,1280,6120,3,2.0,Single Family,2025-10-20
"7503-32nd-Ave-NE,-Seattle,-WA-98115","7503 32nd Ave NE, Seattle, WA 98115",47.683210,-122.293815,1615000,2810,5100,5,3.0,Single Family,2025-11-03
"7327-35th-Ave-NE,-Seattle,-WA-98115","7327 35th Ave NE, Seattle, WA 98115",47.682006,-122.290632,690000,1220,896,1,1.5,Single Family,2025-11-12
"7708-44th-Ave-NE,-Seattle,-WA-98115","7708 44th Ave NE, Seattle, WA 98115",47.685202,-122.280732,1140000,1350,6500,3,1.0,Single Family,2025-09-29
"8026-39th-Ave-NE,-Seattle,-WA-98115","8026 39th Ave NE, Seattle, WA 98115",47.687495,-122.286027,1225000,1910,6000,4,1.5,Single Family,2025-11-06
"8008-38th-Ave-NE,-Seattle,-WA-98115","8008 38th Ave NE, Seattle, WA 98115",47.687009,-122.287078,950000,1010,6000,3,1.0,Single Family,2025-10-09
"8048-Crest-Dr-NE,-Seattle,-WA-98115","8048 Crest Dr NE, Seattle, WA 98115",47.687569,-122.273862,3400000,3010,15375,4,3.0,Single Family,2025-10-03
"6545-47th-Ave-NE,-Seattle,-WA-98115","6545 47th Ave NE, Seattle, WA 98115",47.677138,-122.278256,1390500,2290,5782,4,2.0,Single Family,2025-10-31
"7734-57th-Ave-NE,-Seattle,-WA-98115","7734 57th Ave NE, Seattle, WA 98115",47.685495,-122.266894,1720000,2720,5952,5,3.5,Single Family,2025-11-06
"8005-Sand-Point-Way-NE,-Unit-A52,-Seattle,-WA-98115","8005 Sand Point Way NE, Unit A52, Seattle, WA 98115",47.689355,-122.268556,785000,1340,361500,2,2.0,Condo,2025-10-06
"8005-Sand-Point-Way-NE,-Unit-A22,-Seattle,-WA-98115","8005 Sand Point Way NE, Unit A22, Seattle, WA 98115",47.689355,-122.268556,689000,1353,361500,2,2.0,Condo,2025-10-08
"9008-Sand-Point-Way-NE,-Seattle,-WA-98115","9008 Sand Point Way NE, Seattle, WA 98115",47.693765,-122.273184,960000,2350,6300,3,2.0,Multi-Family,2025-11-10
"10009-45th-Ave-NE,-Seattle,-WA-98125","10009 45th Ave NE, Seattle, WA 98125",47.701516,-122.280449,855000,1860,9448,4,1.0,Single Family,2025-11-07
"11346-Bartlett-Ave-NE,-Seattle,-WA-98125","11346 Bartlett Ave NE, Seattle, WA 98125",47.711731,-122.282583,850000,1320,8743,3,1.5,Single Family,2025-12-08
"11737-Lakeside-Ave-NE,-Seattle,-WA-98125","11737 Lakeside Ave NE, Seattle, WA 98125",47.714596,-122.279206,1470000,3470,7396,4,3.5,Single Family,2026-01-15
"11504-Sand-Point-Way-NE,-Seattle,-WA-98125","11504 Sand Point Way NE, Seattle, WA 98125",47.712646,-122.281559,954000,1520,7200,3,2.0,Multi-Family,2025-12-08
"11503-Bartlett-Ave-NE,-Seattle,-WA-98125","11503 Bartlett Ave NE, Seattle, WA 98125",47.712263,-122.283447,875000,2120,5397,4,1.0,Single Family,2025-10-16
"11714-36th-Ave-NE,-Seattle,-WA-98125","11714 36th Ave NE, Seattle, WA 98125",47.714337,-122.288444,1150000,2220,8012,4,2.5,Single Family,2025-10-31
"11027-35th-Ave-NE,-Seattle,-WA-98125","11027 35th Ave NE, Seattle, WA 98125",47.709232,-122.291122,840000,999,7680,2,1.0,Single Family,2026-03-13
"3003-Ne-88th-St,-Seattle,-WA-98115","3003 Ne 88th St, Seattle, WA 98115",47.692161,-122.295781,1100000,3365,3424,5,2.5,Single Family,2025-10-07
"1740-Ne-90th-St,-Seattle,-WA-98115","1740 Ne 90th St, Seattle, WA 98115",47.694132,-122.307701,580000,1070,6815,2,1.0,Single Family,2025-10-06
"1755-Ne-89th-St,-Seattle,-WA-98115","1755 Ne 89th St, Seattle, WA 98115",47.692845,-122.307045,727000,950,5976,2,1.0,Single Family,2025-12-23
"8811-12th-Ave-NE,-Seattle,-WA-98115","8811 12th Ave NE, Seattle, WA 98115",47.692703,-122.315211,850000,980,5413,2,1.0,Single Family,2025-11-12
"9222-Roosevelt-Way-NE,-Apt-302,-Seattle,-WA-98115","9222 Roosevelt Way NE, Apt 302, Seattle, WA 98115",47.696532,-122.317153,425000,919,15231,2,2.0,Condo,2025-11-03
"1514-Ne-95th-St,-Seattle,-WA-98115","1514 Ne 95th St, Seattle, WA 98115",47.697860,-122.311355,985000,2410,7666,4,1.5,Single Family,2025-10-17
"1536-Ne-95th-St,-Seattle,-WA-98115","1536 Ne 95th St, Seattle, WA 98115",47.697868,-122.310435,825000,1690,5080,3,2.0,Single Family,2025-10-08
"1522-Ne-97th-St,-Seattle,-WA-98115","1522 Ne 97th St, Seattle, WA 98115",47.699680,-122.311002,685000,1350,5109,2,2.0,Multi-Family,2025-11-07
"1522-Ne-97th-St,-Unit-Lower,-Seattle,-WA-98115","1522 Ne 97th St, Unit Lower, Seattle, WA 98115",47.699680,-122.311002,685000,750,5000,1,1.0,Single Family,2025-11-07
"9042-Wallingford-Ave-N,-Seattle,-WA-98103","9042 Wallingford Ave N, Seattle, WA 98103",47.695385,-122.336094,654950,1060,6770,3,1.0,Single Family,2025-10-01
"813-Ne-90th-St,-Seattle,-WA-98115","813 Ne 90th St, Seattle, WA 98115",47.693763,-122.319689,800000,1000,6380,2,1.0,Single Family,2025-10-14
"7717-2nd-Ave-NE,-Seattle,-WA-98115","7717 2nd Ave NE, Seattle, WA 98115",47.685561,-122.327349,860000,1840,3720,4,2.5,Single Family,2025-09-30
"314-Ne-82nd-St,-Seattle,-WA-98115","314 Ne 82nd St, Seattle, WA 98115",47.688464,-122.324883,997000,1300,4910,2,1.0,Single Family,2025-10-16
"7551-Bagley-Ave-N,-Seattle,-WA-98103","7551 Bagley Ave N, Seattle, WA 98103",47.685113,-122.331657,1500000,2330,7200,3,1.5,Single Family,2025-10-29
"123-Ne-77th-St,-Seattle,-WA-98115","123 Ne 77th St, Seattle, WA 98115",47.684865,-122.327230,1265000,2330,3900,3,2.0,Single Family,2025-10-06
"2425-N-75th-St,-Seattle,-WA-98103","2425 N 75th St, Seattle, WA 98103",47.682904,-122.328533,940000,1680,1165,2,2.0,Single Family,2025-10-28
"2405-N-75th-St,-Seattle,-WA-98103","2405 N 75th St, Seattle, WA 98103",47.683080,-122.329067,1149000,1740,1685,3,2.0,Single Family,2025-10-03
"7545-Bagley-Ave-N,-Seattle,-WA-98103","7545 Bagley Ave N, Seattle, WA 98103",47.684789,-122.331977,1225000,1750,4800,4,1.5,Single Family,2025-10-29
"735-N-83rd-St,-Seattle,-WA-98103","735 N 83rd St, Seattle, WA 98103",47.688914,-122.348406,1025000,1880,4590,3,1.5,Single Family,2025-10-30
"730-N-85th-St,-Seattle,-WA-98103","730 N 85th St, Seattle, WA 98103",47.690935,-122.348344,4742350,628,5000,1,1.0,Apartment,2026-01-08
"8533-Burke-Ave-N,-Seattle,-WA-98103","8533 Burke Ave N, Seattle, WA 98103",47.691487,-122.335508,1360000,2470,7988,3,1.5,Multi-Family,2025-10-14
"8543-Ashworth-Ave-N,-Seattle,-WA-98103","8543 Ashworth Ave N, Seattle, WA 98103",47.691768,-122.339483,971000,1220,5125,4,2.0,Single Family,2025-10-27
"8536-Interlake-Ave-N,-Seattle,-WA-98103","8536 Interlake Ave N, Seattle, WA 98103",47.691630,-122.339908,637500,1350,5125,2,1.5,Single Family,2025-10-14
"8853-Stone-Ave-N,-Seattle,-WA-98103","8853 Stone Ave N, Seattle, WA 98103",47.693870,-122.341586,675000,1596,1596,3,3.5,Single Family,2026-01-05
"8745-Evanston-Ave-N,-Seattle,-WA-98103","8745 Evanston Ave N, Seattle, WA 98103",47.693729,-122.351687,1170000,1360,7995,3,1.0,Single Family,2025-12-19
"600-N-85th-St,-Unit-204,-Seattle,-WA-98103","600 N 85th St, Unit 204, Seattle, WA 98103",47.690887,-122.350889,335000,574,15603,1,1.0,Condo,2025-11-21
"504-N-86th-St,-Seattle,-WA-98103","504 N 86th St, Seattle, WA 98103",47.691866,-122.352282,825000,1330,4120,4,2.0,Single Family,2025-12-17
"8720-Phinney-Ave-N,-Apt-14,-Seattle,-WA-98103","8720 Phinney Ave N, Apt 14, Seattle, WA 98103",47.693091,-122.354141,450000,1076,12002,2,2.0,Condo,2025-10-20
"8750-Greenwood-Ave-N,-Apt-S207,-Seattle,-WA-98103","8750 Greenwood Ave N, Apt S207, Seattle, WA 98103",47.693698,-122.355209,509000,1134,31695,2,2.0,Condo,2026-01-06
"322B-N-84th-St,-Seattle,-WA-98103","322B N 84th St, Seattle, WA 98103",47.690214,-122.354244,1300000,1277,1028,2,1.0,Single Family,2025-11-21
"318B-N-84th-St,-Seattle,-WA-98103","318B N 84th St, Seattle, WA 98103",47.690067,-122.354447,1349000,1278,897,2,1.0,Single Family,2025-12-12
"316-N-84th-St,-Seattle,-WA-98103","316 N 84th St, Seattle, WA 98103",47.690065,-122.354449,749000,1220,1512,2,1.5,Single Family,2026-02-11
"7536-13th-Ave-NW,-Seattle,-WA-98117","7536 13th Ave NW, Seattle, WA 98117",47.684344,-122.372389,715000,1782,4800,4,1.5,Single Family,2025-11-21
"6712-14th-Ave-NW,-Seattle,-WA-98117","6712 14th Ave NW, Seattle, WA 98117",47.678237,-122.373757,1010000,1650,5000,4,2.0,Multi-Family,2025-10-08
"6743-11th-Ave-NW,-Seattle,-WA-98117","6743 11th Ave NW, Seattle, WA 98117",47.679027,-122.371215,1205000,2080,5633,5,2.0,Single Family,2025-10-08
"6749-10th-Ave-NW,-Seattle,-WA-98117","6749 10th Ave NW, Seattle, WA 98117",47.679233,-122.370149,885000,1340,5350,5,1.0,Single Family,2025-10-07
"6732-1st-Ave-NW,-Seattle,-WA-98117","6732 1st Ave NW, Seattle, WA 98117",47.678749,-122.357099,1315000,1380,4400,2,1.5,Single Family,2025-12-04
"6733-9th-Ave-NW,-Seattle,-WA-98117","6733 9th Ave NW, Seattle, WA 98117",47.678760,-122.369057,1615000,1510,5350,3,2.0,Single Family,2025-11-03
"800-Nw-62nd-St,-Seattle,-WA-98107","800 Nw 62nd St, Seattle, WA 98107",47.674089,-122.366418,19031,3888,7524,1,1.0,Apartment,2026-03-11
"5639-3rd-Ave-NW,-Seattle,-WA-98107","5639 3rd Ave NW, Seattle, WA 98107",47.670629,-122.361130,600000,1710,3720,3,1.0,Single Family,2025-10-07
"106-Nw-60th-St,-Seattle,-WA-98107","106 Nw 60th St, Seattle, WA 98107",47.672563,-122.357866,900000,1660,4000,4,1.5,Single Family,2025-10-15
"206-Nw-62nd-St,-Seattle,-WA-98107","206 Nw 62nd St, Seattle, WA 98107",47.674514,-122.359852,899000,1630,4434,4,1.0,Single Family,2025-10-31
"713B-N-70th-St,-Seattle,-WA-98103","713B N 70th St, Seattle, WA 98103",47.679352,-122.349199,1059000,1043,536,2,1.0,Townhouse,2026-01-22
"6801-Greenwood-Ave-N,-Unit-301,-Seattle,-WA-98103","6801 Greenwood Ave N, Unit 301, Seattle, WA 98103",47.678859,-122.355682,1130000,1285,23401,2,2.0,Condo,2025-11-19
"6801-Greenwood-Ave-N,-Unit-415,-Seattle,-WA-98103","6801 Greenwood Ave N, Unit 415, Seattle, WA 98103",47.678859,-122.355682,775000,922,23401,1,1.5,Condo,2025-12-15
"308-N-68th-St,-Unit-203,-Seattle,-WA-98103","308 N 68th St, Unit 203, Seattle, WA 98103",47.678909,-122.354998,515000,844,5000,1,1.5,Condo,2025-12-22
"528-N-72nd-St,-Seattle,-WA-98103","528 N 72nd St, Seattle, WA 98103",47.681262,-122.351313,1199950,870,3672,2,1.0,Single Family,2025-12-24
"533-N-73rd-St,-Seattle,-WA-98103","533 N 73rd St, Seattle, WA 98103",47.681584,-122.351183,886600,970,3162,2,1.0,Single Family,2025-09-30
"7011-Dayton-Ave-N,-Seattle,-WA-98103","7011 Dayton Ave N, Seattle, WA 98103",47.680008,-122.352879,875000,990,3120,2,1.0,Single Family,2025-11-24
"7011-Fremont-Ave-N,-Seattle,-WA-98103","7011 Fremont Ave N, Seattle, WA 98103",47.679989,-122.350157,915000,1460,2240,3,1.5,Single Family,2025-10-10
"756-N-72nd-St,-Apt-102,-Seattle,-WA-98103","756 N 72nd St, Apt 102, Seattle, WA 98103",47.681304,-122.347456,417000,601,6929,1,1.0,Condo,2025-09-30
"743-N-71st-St,-Seattle,-WA-98103","743 N 71st St, Seattle, WA 98103",47.680088,-122.347941,721000,770,4590,2,1.0,Single Family,2025-09-29
"1834-N-54th-St,-Seattle,-WA-98103","1834 N 54th St, Seattle, WA 98103",47.668166,-122.334828,1500000,1650,4815,3,2.0,Single Family,2025-10-24
"6208-Fremont-Ave-N,-Seattle,-WA-98103","6208 Fremont Ave N, Seattle, WA 98103",47.674166,-122.349654,1040000,1620,3276,3,2.0,Single Family,2025-09-30
"123-N-48th-St,-Seattle,-WA-98103","123 N 48th St, Seattle, WA 98103",47.663406,-122.356041,1100000,820,5000,2,1.0,Single Family,2025-12-31
"618-N-49th-St,-Seattle,-WA-98103","618 N 49th St, Seattle, WA 98103",47.664492,-122.350671,939000,1450,1508,2,2.0,Single Family,2025-09-30
"1026-N-48th-St,-Seattle,-WA-98103","1026 N 48th St, Seattle, WA 98103",47.663789,-122.344834,1250000,2200,4140,3,1.5,Single Family,2025-10-01
"506-N-45th-St,-Apt-301,-Seattle,-WA-98103","506 N 45th St, Apt 301, Seattle, WA 98103",47.661534,-122.352325,398000,617,5306,1,1.0,Condo,2025-11-03
"972-N-Allen-Pl,-Seattle,-WA-98103","972 N Allen Pl, Seattle, WA 98103",47.660716,-122.345838,749888,1010,656,2,1.5,Single Family,2025-10-15
"1207-N-Allen-Pl,-Seattle,-WA-98103","1207 N Allen Pl, Seattle, WA 98103",47.660460,-122.343458,899950,790,3600,1,1.0,Single Family,2025-10-14
"1615-N-41st-St,-Seattle,-WA-98103","1615 N 41st St, Seattle, WA 98103",47.656637,-122.337933,1245000,2310,4050,5,1.5,Single Family,2025-10-16
"4417-Thackeray-Pl-NE,-Seattle,-WA-98105","4417 Thackeray Pl NE, Seattle, WA 98105",47.660760,-122.326513,1305000,1680,4080,4,1.0,Single Family,2025-10-28
"4524-Corliss-Ave-N,-Seattle,-WA-98103","4524 Corliss Ave N, Seattle, WA 98103",47.662164,-122.330979,1229000,1350,5700,3,1.0,Single Family,2025-11-04
"4642-Eastern-Ave-N,-Seattle,-WA-98103","4642 Eastern Ave N, Seattle, WA 98103",47.663868,-122.328787,1107230,1890,4065,4,2.0,Single Family,2025-11-26
"1620-N-52nd-St,-Seattle,-WA-98103","1620 N 52nd St, Seattle, WA 98103",47.666707,-122.337511,750000,1420,3745,4,2.0,Single Family,2025-10-29
"1823-N-52nd-St,-Seattle,-WA-98103","1823 N 52nd St, Seattle, WA 98103",47.666271,-122.335345,892500,840,3210,2,1.5,Single Family,2025-12-08
"5108-Meridian-Ave-N,-Seattle,-WA-98103","5108 Meridian Ave N, Seattle, WA 98103",47.666063,-122.333493,1329750,2160,4590,4,1.5,Single Family,2025-10-09
"2502-N-50th-St,-Unit-101,-Seattle,-WA-98103","2502 N 50th St, Unit 101, Seattle, WA 98103",47.665091,-122.328744,599000,1365,5224,2,1.5,Condo,2025-12-11
"5117-1st-Ave-NE,-Seattle,-WA-98105","5117 1st Ave NE, Seattle, WA 98105",47.666239,-122.328754,600000,660,2524,1,1.0,Single Family,2025-10-15
"2109-N-54th-St,-Seattle,-WA-98103","2109 N 54th St, Seattle, WA 98103",47.667711,-122.333027,1200000,2410,5100,4,1.5,Single Family,2025-11-06
"5412-Kensington-Pl-N,-Seattle,-WA-98103","5412 Kensington Pl N, Seattle, WA 98103",47.668332,-122.329527,805000,830,2775,2,1.0,Single Family,2025-09-30
"5031-12th-Ave-NE,-Seattle,-WA-98105","5031 12th Ave NE, Seattle, WA 98105",47.665862,-122.315449,960000,2080,1472,2,1.0,Apartment,2026-02-26
"7300-Woodlawn-Ave-NE,-Apt-401,-Seattle,-WA-98115","7300 Woodlawn Ave NE, Apt 401, Seattle, WA 98115",47.681367,-122.325141,572000,892,13309,2,1.0,Condo,2025-11-03
"433-Ne-73rd-St,-Seattle,-WA-98115","433 Ne 73rd St, Seattle, WA 98115",47.681267,-122.323654,1187525,1580,3999,4,3.0,Apartment,2025-12-12
"1603-Ne-70th-St,-Seattle,-WA-98115","1603 Ne 70th St, Seattle, WA 98115",47.679189,-122.310709,1320000,1050,5355,2,1.0,Single Family,2025-10-03
"7332-17th-Ave-NE,-Seattle,-WA-98115","7332 17th Ave NE, Seattle, WA 98115",47.682225,-122.309587,922500,1600,4080,3,1.0,Single Family,2025-10-08
"7737-17th-Ave-NE,-Seattle,-WA-98115","7737 17th Ave NE, Seattle, WA 98115",47.685962,-122.310308,924000,1800,2850,3,1.5,Single Family,2025-11-12
"7337-20th-Ave-NE,-Seattle,-WA-98115","7337 20th Ave NE, Seattle, WA 98115",47.682365,-122.307033,1290000,2370,5100,3,1.5,Single Family,2025-11-05
"7341-21st-Ave-NE,-Seattle,-WA-98115","7341 21st Ave NE, Seattle, WA 98115",47.682487,-122.305732,800000,1480,6800,3,1.5,Single Family,2026-01-12
"7335-21st-Ave-NE,-Seattle,-WA-98115","7335 21st Ave NE, Seattle, WA 98115",47.682337,-122.305729,800000,1330,6800,3,1.5,Single Family,2025-10-28
"6847-18th-Ave-NE,-Seattle,-WA-98115","6847 18th Ave NE, Seattle, WA 98115",47.679043,-122.309107,1421525,2050,4590,5,1.0,Single Family,2025-10-23
"5514-25th-Ave-NE,-Seattle,-WA-98105","5514 25th Ave NE, Seattle, WA 98105",47.669020,-122.300298,835000,1665,5000,6,5.0,Single Family,2026-02-27
"3106-Ne-60th-St,-Seattle,-WA-98115","3106 Ne 60th St, Seattle, WA 98115",47.672345,-122.293877,1325000,2430,3250,4,1.5,Single Family,2025-10-07
"5210-35th-Ave-NE,-Seattle,-WA-98105","5210 35th Ave NE, Seattle, WA 98105",47.667010,-122.289849,1495000,2550,6000,3,1.5,Single Family,2025-10-09
"4545-Sand-Point-Way-NE,-Apt-806,-Seattle,-WA-98105","4545 Sand Point Way NE, Apt 806, Seattle, WA 98105",47.662267,-122.286862,540000,1194,27700,2,2.0,Condo,2025-10-28
"5023-36th-Ave-NE,-Seattle,-WA-98105","5023 36th Ave NE, Seattle, WA 98105",47.665555,-122.289378,825000,990,4000,2,1.0,Single Family,2025-09-30
"2325-43rd-Ave-E,-Apt-102,-Seattle,-WA-98112","2325 43rd Ave E, Apt 102, Seattle, WA 98112",47.639942,-122.277481,1320000,1400,7200,2,2.0,Condo,2025-10-02
"1852-40th-Ave-E,-Seattle,-WA-98112","1852 40th Ave E, Seattle, WA 98112",47.636210,-122.281707,2200000,2870,6000,4,2.0,Single Family,2025-10-30
"2029-42nd-Ave-E,-Seattle,-WA-98112","2029 42nd Ave E, Seattle, WA 98112",47.637851,-122.278805,3400000,1390,3300,2,1.5,Single Family,2025-10-30
"3812-E-Crockett-St,-Seattle,-WA-98112","3812 E Crockett St, Seattle, WA 98112",47.637594,-122.283339,3695000,4360,9000,5,3.0,Single Family,2025-10-06
"1910-E-Galer-St,-Seattle,-WA-98112","1910 E Galer St, Seattle, WA 98112",47.632488,-122.306592,1665000,2200,3828,3,1.5,Single Family,2025-10-20
"2610-E-Helen-St,-Seattle,-WA-98112","2610 E Helen St, Seattle, WA 98112",47.628289,-122.297986,1500000,2030,5070,3,2.5,Single Family,2025-11-25
"1242-16th-Ave-E,-Seattle,-WA-98112","1242 16th Ave E, Seattle, WA 98112",47.631888,-122.310829,1599988,1560,4800,3,1.5,Single Family,2025-10-23
"1919-E-Eaton-Pl,-Seattle,-WA-98112","1919 E Eaton Pl, Seattle, WA 98112",47.637070,-122.307489,945000,1680,4664,4,1.5,Single Family,2025-10-06
"1522-E-Interlaken-Blvd,-Seattle,-WA-98112","1522 E Interlaken Blvd, Seattle, WA 98112",47.639112,-122.311546,2050000,2730,6279,2,2.5,Single Family,2025-10-23
"2727-Eastlake-Ave-E,-Seattle,-WA-98102","2727 Eastlake Ave E, Seattle, WA 98102",47.645349,-122.326257,14683000,659,5000,1,1.0,Apartment,2025-12-08
"2705-Franklin-Ave-E,-Seattle,-WA-98102","2705 Franklin Ave E, Seattle, WA 98102",47.644708,-122.324876,973500,1290,1045,3,2.5,Single Family,2025-11-05
"4059-Latona-Ave-NE,-Seattle,-WA-98105","4059 Latona Ave NE, Seattle, WA 98105",47.657233,-122.326076,986000,2030,4000,2,1.5,Single Family,2025-10-23
"4030-Meridian-Ave-N,-Seattle,-WA-98103","4030 Meridian Ave N, Seattle, WA 98103",47.656555,-122.333529,3040000,3150,3800,4,3.0,Single Family,2025-10-30
"3631-Meridian-Ave-N,-Seattle,-WA-98103","3631 Meridian Ave N, Seattle, WA 98103",47.651399,-122.334219,900000,1440,4800,3,1.5,Single Family,2025-11-05
"3701-Woodlawn-Ave-N,-Seattle,-WA-98103","3701 Woodlawn Ave N, Seattle, WA 98103",47.652158,-122.339055,1450000,3060,6840,5,2.0,Multi-Family,2025-10-31
"3705-Woodlawn-Ave-N,-Seattle,-WA-98103","3705 Woodlawn Ave N, Seattle, WA 98103",47.652331,-122.339055,1450000,3060,6840,5,2.0,Multi-Family,2025-10-31
"3626-Wallingford-Ave-N,-Seattle,-WA-98103","3626 Wallingford Ave N, Seattle, WA 98103",47.651284,-122.335949,3268000,830,5000,2,1.0,Apartment,2025-10-02
"2620-4th-Ave-N,-Apt-603,-Seattle,-WA-98109","2620 4th Ave N, Apt 603, Seattle, WA 98109",47.643945,-122.349542,533105,1096,54930,2,2.0,Condo,2025-10-17
"2202-5th-Ave-N,-Seattle,-WA-98109","2202 5th Ave N, Seattle, WA 98109",47.638397,-122.346726,2836392,3150,5947,2,2.0,Single Family,2025-10-30
"469-Lynn-St,-Seattle,-WA-98109","469 Lynn St, Seattle, WA 98109",47.638961,-122.347379,2000000,3440,4000,3,2.0,Single Family,2025-10-16
"1819-2nd-Ave-N,-Seattle,-WA-98109","1819 2nd Ave N, Seattle, WA 98109",47.635453,-122.353488,2100000,1970,6000,3,2.0,Single Family,2025-10-30
"1708-2nd-Ave-N,-Seattle,-WA-98109","1708 2nd Ave N, Seattle, WA 98109",47.634327,-122.352922,2275000,1110,3720,2,1.0,Single Family,2025-11-03
"1518-Warren-Ave-N,-Seattle,-WA-98109","1518 Warren Ave N, Seattle, WA 98109",47.632900,-122.354168,1200000,2230,2905,5,1.5,Single Family,2025-10-29
"1611-Taylor-Ave-N,-Seattle,-WA-98109","1611 Taylor Ave N, Seattle, WA 98109",47.633548,-122.346254,634000,560,2975,1,1.0,Single Family,2025-10-29
"2167-Dexter-Ave-N,-Apt-401,-Seattle,-WA-98109","2167 Dexter Ave N, Apt 401, Seattle, WA 98109",47.639454,-122.344241,605000,1080,5602,2,2.0,Condo,2025-10-08
"1925-Eastlake-Ave-E,-Seattle,-WA-98102","1925 Eastlake Ave E, Seattle, WA 98102",47.636607,-122.326221,4445500,693,5000,1,1.0,Apartment,2026-02-23
"2003-Boylston-Ave-E,-Seattle,-WA-98102","2003 Boylston Ave E, Seattle, WA 98102",47.636946,-122.323718,1274100,460,3600,0,1.0,Apartment,2025-12-30
"1112-Broadway-E,-Apt-101,-Seattle,-WA-98102","1112 Broadway E, Apt 101, Seattle, WA 98102",47.629098,-122.320952,550000,702,5003,1,1.0,Condo,2025-10-21
"535-13th-Ave-E,-Seattle,-WA-98102","535 13th Ave E, Seattle, WA 98102",47.624016,-122.316012,12988200,451,5000,0,1.0,Apartment,2025-11-04
"109-11th-Ave-E,-Seattle,-WA-98102","109 11th Ave E, Seattle, WA 98102",47.619145,-122.318494,1500000,2710,2016,3,2.0,Single Family,2026-01-14
"1052-E-Thomas-St,-Seattle,-WA-98102","1052 E Thomas St, Seattle, WA 98102",47.621321,-122.318609,6245000,550,8227,1,1.0,Apartment,2025-12-09
"409-10th-Ave-E,-Seattle,-WA-98102","409 10th Ave E, Seattle, WA 98102",47.622309,-122.320236,4645600,440,5959,0,1.0,Apartment,2026-03-06
"705-E-Republican-St,-Apt-302,-Seattle,-WA-98102","705 E Republican St, Apt 302, Seattle, WA 98102",47.622896,-122.322750,312000,622,11867,1,1.0,Condo,2025-12-31
"705-E-Republican-St,-Apt-403,-Seattle,-WA-98102","705 E Republican St, Apt 403, Seattle, WA 98102",47.622896,-122.322750,385000,622,11867,1,1.0,Condo,2026-01-14
"505-Belmont-Ave-E,-Apt-605,-Seattle,-WA-98102","505 Belmont Ave E, Apt 605, Seattle, WA 98102",47.623703,-122.324128,495000,1042,27790,2,2.0,Condo,2025-12-30
"530-Broadway-E,-Apt-414,-Seattle,-WA-98102","530 Broadway E, Apt 414, Seattle, WA 98102",47.623898,-122.320376,375000,547,39466,1,1.0,Condo,2025-09-29
"917-Broadway-E,-Seattle,-WA-98102","917 Broadway E, Seattle, WA 98102",47.627405,-122.321612,1361000,1430,5000,2,1.0,Single Family,2025-11-12
"318-Bellevue-Ave-E---A,-Seattle,-WA-98102","318 Bellevue Ave E # A, Seattle, WA 98102",47.621456,-122.326180,985000,1410,5000,3,3.0,Townhouse,2025-11-19
"400-Boylston-Ave-E,-Apt-210,-Seattle,-WA-98102","400 Boylston Ave E, Apt 210, Seattle, WA 98102",47.622195,-122.322994,317500,510,14836,1,1.0,Condo,2025-11-12
"321-Boylston-Ave-E,-Apt-303,-Seattle,-WA-98102","321 Boylston Ave E, Apt 303, Seattle, WA 98102",47.621769,-122.323381,200000,621,9216,1,1.0,Condo,2025-11-13
"1611-E-Olive-Way,-Seattle,-WA-98102","1611 E Olive Way, Seattle, WA 98102",47.619070,-122.324883,3950000,1500,5000,3,2.0,,2025-12-16
"1718-Melrose-Ave,-Seattle,-WA-98122","1718 Melrose Ave, Seattle, WA 98122",47.617650,-122.327543,9750000,702,5000,2,1.0,Apartment,2026-01-21
"1823-Minor-Ave,-Seattle,-WA-98101","1823 Minor Ave, Seattle, WA 98101",47.617059,-122.331503,570488,404,5000,0,1.0,Apartment,2025-11-21
"1011-5th-Ave-N,-Apt-405,-Seattle,-WA-98109","1011 5th Ave N, Apt 405, Seattle, WA 98109",47.628602,-122.347753,450000,1075,11376,2,2.0,Condo,2025-10-22
"275-W-Roy-St,-Apt-414,-Seattle,-WA-98119","275 W Roy St, Apt 414, Seattle, WA 98119",47.625540,-122.360133,530000,793,39095,2,1.0,Condo,2025-10-24
"588-Bell-St,-Unit-3702,-Seattle,-WA-98121","588 Bell St, Unit 3702, Seattle, WA 98121",47.616653,-122.343014,1049000,1115,83722,2,2.0,Condo,2025-10-03
"588-Bell-St,-Unit-2404,-Seattle,-WA-98121","588 Bell St, Unit 2404, Seattle, WA 98121",47.616653,-122.343014,620000,731,83722,1,1.0,Condo,2025-10-16
"588-Bell-St,-Unit-1502,-Seattle,-WA-98121","588 Bell St, Unit 1502, Seattle, WA 98121",47.616653,-122.343014,900000,1115,5000,2,2.0,Condo,2025-10-21
"2334-Elliott-Ave,-Seattle,-WA-98121","2334 Elliott Ave, Seattle, WA 98121",47.612782,-122.348913,47690500,498,5000,0,1.0,Apartment,2025-12-23
"75-Vine-St,-Seattle,-WA-98121","75 Vine St, Seattle, WA 98121",47.614225,-122.350505,55700000,529,5000,0,1.0,Apartment,2025-11-25
"2515-4th-Ave,-Seattle,-WA-98121","2515 4th Ave, Seattle, WA 98121",47.616761,-122.346904,70785000,465,5000,0,1.0,Apartment,2026-01-06
"1414-1st-Ave-W,-Apt-104,-Seattle,-WA-98119","1414 1st Ave W, Apt 104, Seattle, WA 98119",47.631795,-122.357880,925000,1320,12771,2,2.0,Condo,2025-09-30
"1508-Galer-Pl-N,-Seattle,-WA-98109","1508 Galer Pl N, Seattle, WA 98109",47.632636,-122.356177,1089000,1840,2400,3,2.0,Single Family,2025-10-22
"401-W-Galer-St,-Seattle,-WA-98119","401 W Galer St, Seattle, WA 98119",47.632189,-122.361978,1200000,1500,5000,3,2.0,,2025-10-03
"1511-11th-Ave-W,-Apt-6,-Seattle,-WA-98119","1511 11th Ave W, Apt 6, Seattle, WA 98119",47.632630,-122.372062,720000,1032,6247,1,2.0,Condo,2025-12-30
"1813-12th-Ave-W,-Seattle,-WA-98119","1813 12th Ave W, Seattle, WA 98119",47.635186,-122.373194,1310000,2580,1956,4,3.5,Single Family,2025-11-03
"1315-W-Newton-St,-Seattle,-WA-98119","1315 W Newton St, Seattle, WA 98119",47.636605,-122.374668,1700000,1550,640,3,2.0,Single Family,2025-11-24
"1924-14th-Ave-W,-Seattle,-WA-98119","1924 14th Ave W, Seattle, WA 98119",47.636622,-122.374742,1700000,1440,806,3,2.0,Single Family,2025-11-24
"1922-14th-Ave-W,-Seattle,-WA-98119","1922 14th Ave W, Seattle, WA 98119",47.636579,-122.374738,1700000,1420,767,3,2.0,Single Family,2025-11-24
"1311-W-Newton-St,-Seattle,-WA-98119","1311 W Newton St, Seattle, WA 98119",47.636609,-122.374573,1700000,1360,1988,3,1.0,Single Family,2025-11-24
"2209-12th-Ave-W,-Seattle,-WA-98119","2209 12th Ave W, Seattle, WA 98119",47.638999,-122.372862,1249000,2220,3142,4,2.5,Single Family,2025-11-21
"957-W-Mcgraw-St,---1,-Seattle,-WA-98119","957 W Mcgraw St, # 1, Seattle, WA 98119",47.639422,-122.369824,1200000,1400,5000,3,2.0,Condo,2025-12-16
"2126-9th-Ave-W,-Seattle,-WA-98119","2126 9th Ave W, Seattle, WA 98119",47.638562,-122.368581,1957500,1920,5400,3,1.0,Single Family,2025-12-15
"2120-9th-Ave-W,-Seattle,-WA-98119","2120 9th Ave W, Seattle, WA 98119",47.638429,-122.368583,2392500,2280,7200,5,3.0,Multi-Family,2025-12-19
"2513-11th-Ave-W,-Seattle,-WA-98119","2513 11th Ave W, Seattle, WA 98119",47.641154,-122.371844,1475000,2390,4000,3,2.0,Single Family,2025-11-13
"2246-Clise-Pl-W,-Seattle,-WA-98199","2246 Clise Pl W, Seattle, WA 98199",47.638776,-122.398806,1450000,2540,2284,2,2.5,Single Family,2025-11-17
"2515-30th-Ave-W,-Seattle,-WA-98199","2515 30th Ave W, Seattle, WA 98199",47.641637,-122.396028,3030000,3760,8250,4,2.5,Single Family,2025-11-06
"3010-W-Smith-St,-Seattle,-WA-98199","3010 W Smith St, Seattle, WA 98199",47.641263,-122.396108,830000,770,3782,2,1.0,Single Family,2025-09-30
"2910-W-Smith-St,-Seattle,-WA-98199","2910 W Smith St, Seattle, WA 98199",47.641238,-122.394909,1600000,2510,4590,3,2.0,Single Family,2025-11-18
"2901-28th-Ave-W,-Seattle,-WA-98199","2901 28th Ave W, Seattle, WA 98199",47.645834,-122.393316,2300000,3330,5842,4,4.0,Single Family,2026-02-11
"3010-32nd-Ave-W,-Seattle,-WA-98199","3010 32nd Ave W, Seattle, WA 98199",47.647282,-122.397873,1625000,1330,6200,3,1.0,Single Family,2025-12-19
"2858-32nd-Ave-W,-Apt-302,-Seattle,-WA-98199","2858 32nd Ave W, Apt 302, Seattle, WA 98199",47.646202,-122.398148,490000,1116,20086,2,2.0,Condo,2025-10-06
"3314-W-Armour-St,-Seattle,-WA-98199","3314 W Armour St, Seattle, WA 98199",47.645176,-122.400316,1025000,1150,4880,3,1.0,Single Family,2025-11-12
"2617-32nd-Ave-W,-Seattle,-WA-98199","2617 32nd Ave W, Seattle, WA 98199",47.643763,-122.398647,1268500,1050,6000,2,1.0,Single Family,2025-09-30
"2526-35th-Ave-W,-Seattle,-WA-98199","2526 35th Ave W, Seattle, WA 98199",47.642065,-122.401980,3150000,4280,6000,6,3.5,Single Family,2025-10-16
"2518-36th-Ave-W,-Seattle,-WA-98199","2518 36th Ave W, Seattle, WA 98199",47.642207,-122.403613,1000000,2360,5807,4,2.0,Single Family,2025-10-15
"2545-36th-Ave-W,-Seattle,-WA-98199","2545 36th Ave W, Seattle, WA 98199",47.642933,-122.404030,1000000,1410,7684,2,1.0,Single Family,2025-09-30
"3016-37th-Ave-W,-Seattle,-WA-98199","3016 37th Ave W, Seattle, WA 98199",47.647312,-122.404357,2395000,3680,5670,4,3.5,Single Family,2025-10-09
"3020-W-Viewmont-Way-W,-Seattle,-WA-98199","3020 W Viewmont Way W, Seattle, WA 98199",47.647503,-122.409268,3875000,1650,5800,2,1.0,Single Family,2025-12-15
"4508-W-Ruffner-St,-Seattle,-WA-98199","4508 W Ruffner St, Seattle, WA 98199",47.653050,-122.415247,2596000,3460,6480,5,3.5,Single Family,2025-10-21
"4343-W-Mclaren-St,-Seattle,-WA-98199","4343 W Mclaren St, Seattle, WA 98199",47.651433,-122.414611,4100000,3540,16995,5,2.0,Single Family,2025-10-09
"3615-43rd-Ave-W,-Seattle,-WA-98199","3615 43rd Ave W, Seattle, WA 98199",47.653291,-122.413729,1600000,2280,6273,4,2.0,Single Family,2025-10-15
"3654-W-Viewmont-Way-W,-Seattle,-WA-98199","3654 W Viewmont Way W, Seattle, WA 98199",47.653769,-122.410733,1725000,2500,6500,3,2.5,Single Family,2025-11-24
"3615-41st-Ave-W,-Seattle,-WA-98199","3615 41st Ave W, Seattle, WA 98199",47.652787,-122.410279,1150000,1740,5623,3,1.5,Single Family,2025-11-12
"3430-39th-Ave-W,-Seattle,-WA-98199","3430 39th Ave W, Seattle, WA 98199",47.651363,-122.406477,850000,2530,6122,3,1.5,Single Family,2025-10-10
"3430-40th-Ave-W,-Seattle,-WA-98199","3430 40th Ave W, Seattle, WA 98199",47.651445,-122.407560,1265000,1930,5612,3,1.5,Single Family,2025-10-23
"3416-38th-Ave-W,-Seattle,-WA-98199","3416 38th Ave W, Seattle, WA 98199",47.651065,-122.405658,1775000,3120,4592,4,3.0,Single Family,2026-01-21
"3613-40th-Ave-W,-Seattle,-WA-98199","3613 40th Ave W, Seattle, WA 98199",47.652704,-122.408149,795000,1640,5102,4,1.0,Single Family,2025-12-01
"3627-Arapahoe-Pl-W,-Seattle,-WA-98199","3627 Arapahoe Pl W, Seattle, WA 98199",47.653102,-122.409233,1508000,2760,6000,3,2.5,Single Family,2025-11-12
"3818-36th-Ave-W,-Seattle,-WA-98199","3818 36th Ave W, Seattle, WA 98199",47.654566,-122.403294,775000,500,6000,2,1.0,Land,2025-10-31
"3654-35th-Ave-W,-Seattle,-WA-98199","3654 35th Ave W, Seattle, WA 98199",47.653840,-122.401987,966500,2160,5040,3,2.0,Single Family,2026-01-15
"3455-35th-Ave-W,-Seattle,-WA-98199","3455 35th Ave W, Seattle, WA 98199",47.652044,-122.402635,1901000,2130,6000,3,1.5,Single Family,2025-10-09
"3639-34th-Ave-W,-Seattle,-WA-98199","3639 34th Ave W, Seattle, WA 98199",47.653402,-122.401294,748500,1410,6000,3,1.0,Land,2025-11-21
"3434-33rd-Ave-W,-Seattle,-WA-98199","3434 33rd Ave W, Seattle, WA 98199",47.651528,-122.399167,850000,1220,5520,2,1.0,Single Family,2026-01-02
"3420-32nd-Ave-W,-Seattle,-WA-98199","3420 32nd Ave W, Seattle, WA 98199",47.651166,-122.397909,1075000,1200,6000,3,1.5,Single Family,2025-12-02
"3222-W-Bertona-St,-Seattle,-WA-98199","3222 W Bertona St, Seattle, WA 98199",47.650667,-122.399277,1879000,780,4800,2,1.5,Single Family,2025-12-12
"3406-38th-Ave-W,-Seattle,-WA-98199","3406 38th Ave W, Seattle, WA 98199",47.650731,-122.405429,2800000,1750,4082,2,1.5,Single Family,2025-12-12
"3031-34th-Ave-W,-Seattle,-WA-98199","3031 34th Ave W, Seattle, WA 98199",47.647827,-122.401360,1250000,1750,6000,3,1.5,Single Family,2025-11-05
"3218-31st-Ave-W,-Seattle,-WA-98199","3218 31st Ave W, Seattle, WA 98199",47.649336,-122.396597,885000,930,6360,2,1.0,Single Family,2025-10-02
"3642-33rd-Ave-W,-Seattle,-WA-98199","3642 33rd Ave W, Seattle, WA 98199",47.653513,-122.399132,2225000,1050,6000,2,1.0,Single Family,2025-12-12
"2800-W-Elmore-Pl,-Seattle,-WA-98199","2800 W Elmore Pl, Seattle, WA 98199",47.657264,-122.392971,1100000,1050,4375,3,1.5,Single Family,2025-10-09
"4252-Williams-Ave-W,-Seattle,-WA-98199","4252 Williams Ave W, Seattle, WA 98199",47.659159,-122.392006,700000,1340,1520,2,2.5,Single Family,2025-10-29
"3225-27th-Ave-W,-Seattle,-WA-98199","3225 27th Ave W, Seattle, WA 98199",47.649487,-122.391868,1000000,900,5250,2,1.0,Single Family,2025-10-24
"2806-W-Dravus-St,-Seattle,-WA-98199","2806 W Dravus St, Seattle, WA 98199",47.648849,-122.393295,918000,1119,1202,2,1.5,Condo,2026-02-11
"3028-26th-Ave-W,-Seattle,-WA-98199","3028 26th Ave W, Seattle, WA 98199",47.647721,-122.389930,650000,630,2696,1,1.0,Single Family,2025-11-06
"650-W-Cremona-St,-Seattle,-WA-98119","650 W Cremona St, Seattle, WA 98119",47.649967,-122.365857,865000,2660,4665,4,3.5,Single Family,2025-11-26
"105-Nw-39th-St,-Unit-C,-Seattle,-WA-98107","105 Nw 39th St, Unit C, Seattle, WA 98107",47.653996,-122.358002,865000,1284,5000,3,2.0,Townhouse,2025-11-06
"117-N-40th-St,-Seattle,-WA-98103","117 N 40th St, Seattle, WA 98103",47.655363,-122.356344,1635000,1520,5500,3,2.0,Single Family,2025-10-16
"3636-Greenwood-Ave-N,-Seattle,-WA-98103","3636 Greenwood Ave N, Seattle, WA 98103",47.653585,-122.355210,1420000,1510,5000,3,1.5,Single Family,2025-11-04
"3661-Phinney-Ave-N,-Apt-101,-Seattle,-WA-98103","3661 Phinney Ave N, Apt 101, Seattle, WA 98103",47.653997,-122.354656,488000,821,25000,2,1.0,Condo,2025-11-06
"3620-Phinney-Ave-N,-Seattle,-WA-98103","3620 Phinney Ave N, Seattle, WA 98103",47.652824,-122.354137,19000000,294,10000,0,1.0,Apartment,2025-12-23
"3805-Fremont-Ln-N,-Seattle,-WA-98103","3805 Fremont Ln N, Seattle, WA 98103",47.653018,-122.349449,865000,1410,1184,2,1.5,Single Family,2025-10-08
"311-Nw-42nd-St,-Seattle,-WA-98107","311 Nw 42nd St, Seattle, WA 98107",47.657535,-122.361457,1275000,2260,4800,3,2.5,Single Family,2025-10-08
"4436-Baker-Ave-NW,-Seattle,-WA-98107","4436 Baker Ave NW, Seattle, WA 98107",47.661331,-122.359236,999900,1290,5500,4,1.0,Single Family,2026-01-15
"322-Nw-47th-St,-Unit-C,-Seattle,-WA-98107","322 Nw 47th St, Unit C, Seattle, WA 98107",47.663097,-122.361824,825000,1307,620,2,2.5,Townhouse,2025-10-10
"333-Nw-47th-St,-Unit-C,-Seattle,-WA-98107","333 Nw 47th St, Unit C, Seattle, WA 98107",47.662701,-122.362137,779950,1372,466,2,1.5,Townhouse,2026-03-06
"3025-Nw-Market-St,-Seattle,-WA-98107","3025 Nw Market St, Seattle, WA 98107",47.668043,-122.397056,43722650,371,151606,0,1.0,Apartment,2025-11-24
"5450-Leary-Ave-NW,-Apt-456,-Seattle,-WA-98107","5450 Leary Ave NW, Apt 456, Seattle, WA 98107",47.667841,-122.383247,730000,1301,27583,2,2.0,Condo,2025-10-30
"1400-Nw-60th-St,-Apt-401,-Seattle,-WA-98107","1400 Nw 60th St, Apt 401, Seattle, WA 98107",47.672390,-122.374153,410000,613,5011,1,1.0,Condo,2025-10-09
"1101-Nw-62nd-St,-Seattle,-WA-98107","1101 Nw 62nd St, Seattle, WA 98107",47.673638,-122.371609,1120000,1260,3240,3,1.0,Single Family,2025-11-03
"1723-Nw-63rd-St,-Seattle,-WA-98107","1723 Nw 63rd St, Seattle, WA 98107",47.674328,-122.379926,1325000,1010,5000,2,1.0,Single Family,2025-10-23
"1746B-Nw-62nd-St,-Seattle,-WA-98107","1746B Nw 62nd St, Seattle, WA 98107",47.673966,-122.381000,995000,1762,1176,4,1.5,Townhouse,2026-01-16
"1762-Nw-57th-St,-Apt-201,-Seattle,-WA-98107","1762 Nw 57th St, Apt 201, Seattle, WA 98107",47.670244,-122.381684,550000,1078,10000,2,2.0,Condo,2025-10-28
"1760-Nw-56th-St,-Apts-606-&-1760,-Seattle,-WA-98107","1760 Nw 56th St, Apts 606 & 1760, Seattle, WA 98107",47.669675,-122.381523,479000,1500,5000,1,1.0,Condo,2025-11-26
"1760-Nw-56th-St,-Apt-210,-Seattle,-WA-98107","1760 Nw 56th St, Apt 210, Seattle, WA 98107",47.669678,-122.381655,465000,754,5000,1,1.0,Condo,2025-10-02
"1760-Nw-56th-St,-Apt-608,-Seattle,-WA-98107","1760 Nw 56th St, Apt 608, Seattle, WA 98107",47.669678,-122.381655,495000,759,5000,1,1.0,Condo,2025-11-03
"2037-Nw-61st-St,-Unit-A,-Seattle,-WA-98107","2037 Nw 61st St, Unit A, Seattle, WA 98107",47.672798,-122.383675,1047000,1809,1220,4,2.0,Townhouse,2025-12-05
"2358-Nw-73rd-St,-Seattle,-WA-98117","2358 Nw 73rd St, Seattle, WA 98117",47.681494,-122.386911,710000,820,3000,2,1.0,Single Family,2025-11-12
"7332-23rd-Ave-NW,-Seattle,-WA-98117","7332 23rd Ave NW, Seattle, WA 98117",47.682297,-122.385044,1210000,2250,5100,4,3.0,Single Family,2025-10-24
"7346-22nd-Ave-NW,-Seattle,-WA-98117","7346 22nd Ave NW, Seattle, WA 98117",47.682700,-122.383977,879950,920,5100,2,1.0,Single Family,2025-10-16
"7007-26th-Ave-NW,-Seattle,-WA-98117","7007 26th Ave NW, Seattle, WA 98117",47.679789,-122.390080,1120000,2790,5100,4,1.5,Single Family,2025-10-24
"3039-Nw-71st-St,-Seattle,-WA-98117","3039 Nw 71st St, Seattle, WA 98117",47.679994,-122.397432,2000000,2770,4500,4,2.5,Single Family,2025-10-10
"3309-Nw-70th-St,-Seattle,-WA-98117","3309 Nw 70th St, Seattle, WA 98117",47.679197,-122.400179,1750000,2810,5000,5,2.0,Single Family,2025-10-20
"3032-Nw-65th-St,-Seattle,-WA-98117","3032 Nw 65th St, Seattle, WA 98117",47.676031,-122.397211,1515000,1640,5000,3,1.5,Single Family,2025-11-12
"3002-Nw-66th-St,-Seattle,-WA-98117","3002 Nw 66th St, Seattle, WA 98117",47.676812,-122.395913,890000,1590,5000,5,1.5,Single Family,2025-09-29
"3027-Nw-69th-St,-Seattle,-WA-98117","3027 Nw 69th St, Seattle, WA 98117",47.678526,-122.396882,1330000,2320,2500,4,2.5,Single Family,2025-11-03
"2842-Nw-62nd-St,-Seattle,-WA-98107","2842 Nw 62nd St, Seattle, WA 98107",47.673935,-122.394829,1270000,1106,1729,2,1.0,Single Family,2025-11-13
"3407-Nw-57th-St,-Seattle,-WA-98107","3407 Nw 57th St, Seattle, WA 98107",47.670172,-122.401549,1600000,1037,1093,2,1.5,Condo,2026-02-02
"3441-Nw-59th-St,-Seattle,-WA-98107","3441 Nw 59th St, Seattle, WA 98107",47.671034,-122.402954,1600000,2060,6400,4,2.0,Single Family,2025-10-27
"6321-Seaview-Ave-NW,-Unit-21,-Seattle,-WA-98107","6321 Seaview Ave NW, Unit 21, Seattle, WA 98107",47.674607,-122.408375,998000,1210,80175,2,2.5,Condo,2025-10-23
"4223-W-Semple-St,-Seattle,-WA-98199","4223 W Semple St, Seattle, WA 98199",47.670903,-122.411454,3875000,3010,40223,4,2.0,Single Family,2025-10-21
"5701-Seaview-Ave-NW,-Apt-202,-Seattle,-WA-98107","5701 Seaview Ave NW, Apt 202, Seattle, WA 98107",47.670629,-122.405482,625000,986,5968,2,1.0,Condo,2025-10-17
"5701-Seaview-Ave-NW,-Apt-301,-Seattle,-WA-98107","5701 Seaview Ave NW, Apt 301, Seattle, WA 98107",47.670629,-122.405482,1000000,1987,5968,3,2.0,Condo,2025-11-03
"3101-W-Jameson-St,-Seattle,-WA-98199","3101 W Jameson St, Seattle, WA 98199",47.659880,-122.397873,535000,1500,5000,3,2.0,,2025-10-10
"3236-W-Government-Way,-Seattle,-WA-98199","3236 W Government Way, Seattle, WA 98199",47.660118,-122.399662,912000,1550,1080,3,1.5,Single Family,2025-10-14
"4563-34th-Ave-W,-Seattle,-WA-98199","4563 34th Ave W, Seattle, WA 98199",47.662897,-122.401899,675000,760,3417,3,1.0,Single Family,2025-09-30
"4309-34th-Ave-W,-Apt-102,-Seattle,-WA-98199","4309 34th Ave W, Apt 102, Seattle, WA 98199",47.659640,-122.400860,325000,680,11642,1,1.0,Condo,2025-11-03
"8751-29th-Ave-NW,-Seattle,-WA-98117","8751 29th Ave NW, Seattle, WA 98117",47.693331,-122.394570,1345000,2430,7057,4,2.0,Single Family,2025-10-17
"7200-34th-Ave-NW,-Seattle,-WA-98117","7200 34th Ave NW, Seattle, WA 98117",47.681070,-122.400776,2115000,3110,4295,3,2.5,Single Family,2025-10-29
"8031-31st-Ave-NW,-Seattle,-WA-98117","8031 31st Ave NW, Seattle, WA 98117",47.687668,-122.397310,50000,1660,5080,4,1.0,Single Family,2025-11-03
"8363-29th-Ave-NW,-Seattle,-WA-98117","8363 29th Ave NW, Seattle, WA 98117",47.690449,-122.394676,775000,1510,1443,3,2.0,Single Family,2025-10-31
"8534-30th-Ave-NW,-Seattle,-WA-98117","8534 30th Ave NW, Seattle, WA 98117",47.691568,-122.395310,2050000,3490,8065,4,2.5,Single Family,2025-10-17
"8056-28th-Ave-NW,-Seattle,-WA-98117","8056 28th Ave NW, Seattle, WA 98117",47.688460,-122.392710,1357000,1700,3920,3,1.5,Single Family,2025-10-10
"8325-26th-Ave-NW,-Seattle,-WA-98117","8325 26th Ave NW, Seattle, WA 98117",47.689796,-122.390087,825000,1150,3960,2,1.0,Single Family,2025-10-17
"8325-21st-Ave-NW,-Seattle,-WA-98117","8325 21st Ave NW, Seattle, WA 98117",47.689502,-122.383561,1160000,1480,4000,3,1.0,Single Family,2025-10-21
"2211-Nw-85th-St,-Seattle,-WA-98117","2211 Nw 85th St, Seattle, WA 98117",47.690397,-122.385007,1050000,1570,4000,3,1.5,Single Family,2025-10-17
"8500-16th-Ave-NW,-Seattle,-WA-98117","8500 16th Ave NW, Seattle, WA 98117",47.690863,-122.377587,3999550,884,5000,2,2.0,Apartment,2025-12-19
"8513-19th-Ave-Nw-Unit-B,-Seattle,-WA-98117","8513 19th Ave Nw Unit B, Seattle, WA 98117",47.690964,-122.381402,775000,1418,575,3,1.5,Townhouse,2025-11-21
"8637-21st-Ave-NW,-Seattle,-WA-98117","8637 21st Ave NW, Seattle, WA 98117",47.692170,-122.383213,1150000,1430,6009,3,1.5,Single Family,2025-10-23
"8733-21st-Ave-NW,-Seattle,-WA-98117","8733 21st Ave NW, Seattle, WA 98117",47.693500,-122.383230,1950000,2330,6009,4,1.5,Single Family,2025-10-08
"8319-25th-Ave-NW,-Seattle,-WA-98117","8319 25th Ave NW, Seattle, WA 98117",47.689669,-122.389027,1365000,996,1250,2,2.0,Single Family,2026-03-02
"2613-Nw-86th-St,-Seattle,-WA-98117","2613 Nw 86th St, Seattle, WA 98117",47.691109,-122.390882,1050000,1940,2940,3,2.5,Single Family,2025-10-23
"8814-Earl-Ave-NW,-Seattle,-WA-98117","8814 Earl Ave NW, Seattle, WA 98117",47.693224,-122.391570,1310000,2580,6150,4,3.0,Single Family,2025-11-04
"2738-Nw-90th-St,-Seattle,-WA-98117","2738 Nw 90th St, Seattle, WA 98117",47.694437,-122.392001,1300000,1970,9785,3,2.0,Single Family,2025-10-30
"10008-14th-Ave-NW,-Seattle,-WA-98177","10008 14th Ave NW, Seattle, WA 98177",47.701866,-122.373694,2430000,830,8789,1,1.0,Single Family,2025-10-15
"9211-9th-Ave-NW,-Seattle,-WA-98117","9211 9th Ave NW, Seattle, WA 98117",47.696432,-122.368859,700000,1550,5421,3,2.0,Single Family,2025-10-03
"8356-12th-Ave-NW,-Seattle,-WA-98117","8356 12th Ave NW, Seattle, WA 98117",47.690309,-122.371135,660000,1350,1138,3,1.5,Single Family,2025-11-03
"653-Nw-86th-St,-Seattle,-WA-98117","653 Nw 86th St, Seattle, WA 98117",47.691188,-122.365571,700000,730,4650,2,1.0,Single Family,2025-11-14
"9015-Dibble-Ave-NW,-Seattle,-WA-98117","9015 Dibble Ave NW, Seattle, WA 98117",47.694801,-122.367747,1274000,2497,3006,4,1.5,Townhouse,2025-12-10
"9244-Dayton-Ave-N,-Seattle,-WA-98103","9244 Dayton Ave N, Seattle, WA 98103",47.697342,-122.352276,950000,1090,8245,2,1.5,Single Family,2025-11-03
"9544-3rd-Ave-NW,-Seattle,-WA-98117","9544 3rd Ave NW, Seattle, WA 98117",47.699098,-122.360346,1320000,2260,5900,4,3.0,Single Family,2025-10-14
"9715-6th-Ave-NW,-Seattle,-WA-98117","9715 6th Ave NW, Seattle, WA 98117",47.700171,-122.363854,1616000,2450,5768,3,2.5,Single Family,2025-10-17
"9714-Palatine-Ave-N,-Seattle,-WA-98103","9714 Palatine Ave N, Seattle, WA 98103",47.700131,-122.356357,875000,730,7620,2,1.0,Single Family,2025-11-10
"9713-Dayton-Ave-N,-Seattle,-WA-98103","9713 Dayton Ave N, Seattle, WA 98103",47.700102,-122.353091,875000,1700,5099,3,1.5,Single Family,2025-10-31
"1714-N-100th-St,-Seattle,-WA-98133","1714 N 100th St, Seattle, WA 98133",47.701605,-122.336722,780600,1500,5161,3,1.5,Single Family,2025-10-28
"10332-Ashworth-Ave-N,-Seattle,-WA-98133","10332 Ashworth Ave N, Seattle, WA 98133",47.704200,-122.338793,872500,1780,9544,3,2.0,Single Family,2026-03-02
"10715-2nd-Ave-NW,-Seattle,-WA-98177","10715 2nd Ave NW, Seattle, WA 98177",47.707446,-122.359845,725000,2767,3115,3,1.5,Single Family,2026-02-20
"12206-Fremont-Ave-N,-Seattle,-WA-98133","12206 Fremont Ave N, Seattle, WA 98133",47.718068,-122.349947,675000,1250,8000,3,1.0,Single Family,2025-12-23
"12705-2nd-Ave-NW,-Seattle,-WA-98177","12705 2nd Ave NW, Seattle, WA 98177",47.721602,-122.360007,1235000,2280,8160,4,1.5,Single Family,2025-10-14
"12703-9th-Ave-NW,-Seattle,-WA-98177","12703 9th Ave NW, Seattle, WA 98177",47.721663,-122.368078,3300000,3730,8786,4,3.0,Single Family,2025-10-28
"13209-7th-Ave-NW,-Seattle,-WA-98177","13209 7th Ave NW, Seattle, WA 98177",47.725432,-122.365392,1562500,2520,8158,3,4.0,Single Family,2025-10-03
"9779-Ne-South-Beach-Dr,-Bainbridge-Island,-WA-98110","9779 Ne South Beach Dr, Bainbridge Island, WA 98110",47.574512,-122.520508,3875000,3774,15682,4,1.5,Single Family,2025-10-03
"9889-Ne-South-Beach-Dr,-Bainbridge-Island,-WA-98110","9889 Ne South Beach Dr, Bainbridge Island, WA 98110",47.573955,-122.519883,4298000,3480,16988,4,3.5,Single Family,2025-10-17
"10941-Ne-Seaborn-Rd,-Bainbridge-Island,-WA-98110","10941 Ne Seaborn Rd, Bainbridge Island, WA 98110",47.596847,-122.504240,345896,2036,5000,2,2.5,Single Family,2025-12-02
"3006-44th-Ave-W,-Seattle,-WA-98199","3006 44th Ave W, Seattle, WA 98199",47.647054,-122.412792,1935000,2430,2900,3,2.0,Single Family,2025-11-25
"1943-34th-Ave-W,-Seattle,-WA-98199","1943 34th Ave W, Seattle, WA 98199",47.637109,-122.400441,1390500,1860,5394,4,2.0,Single Family,2025-09-30
"1940-Edgemont-Pl-W,-Seattle,-WA-98199","1940 Edgemont Pl W, Seattle, WA 98199",47.637214,-122.402381,1725000,2800,6240,3,2.0,Single Family,2025-12-11
"2252-Viewmont-Way-W,-Seattle,-WA-98199","2252 Viewmont Way W, Seattle, WA 98199",47.637749,-122.403399,2365000,3520,4916,3,4.0,Single Family,2025-10-14
"1145-High-School-Rd-NE,-Bainbridge-Island,-WA-98110","1145 High School Rd NE, Bainbridge Island, WA 98110",47.635060,-122.506828,1975000,4823,17860,4,2.5,Single Family,2025-10-30
"1278-Ferncliff-Ave-NE,-Bainbridge-Island,-WA-98110","1278 Ferncliff Ave NE, Bainbridge Island, WA 98110",47.635367,-122.509831,1750000,1500,5000,3,2.0,,2025-11-07
"1341-Nolta-Loop-NE,-Bainbridge-Island,-WA-98110","1341 Nolta Loop NE, Bainbridge Island, WA 98110",47.637227,-122.513263,460000,966,436,2,1.5,Single Family,2025-12-04
"1339-Nolta-Loop-NE,-Bainbridge-Island,-WA-98110","1339 Nolta Loop NE, Bainbridge Island, WA 98110",47.637261,-122.513263,489000,966,436,2,1.5,Single Family,2025-12-19
"1349-Nolta-Loop-NE,-Bainbridge-Island,-WA-98110","1349 Nolta Loop NE, Bainbridge Island, WA 98110",47.637091,-122.513263,489000,966,436,2,1.5,Single Family,2026-01-05
"3046-Sw-Avalon-Way,-Seattle,-WA-98126","3046 Sw Avalon Way, Seattle, WA 98126",47.566466,-122.371931,2300000,583,7200,1,1.0,Apartment,2026-02-27
"4714-Delridge-Way-SW,-Seattle,-WA-98106","4714 Delridge Way SW, Seattle, WA 98106",47.560589,-122.362612,527500,1420,1059,3,1.0,Townhouse,2025-12-15
"3230-Sw-Avalon-Way,-Seattle,-WA-98126","3230 Sw Avalon Way, Seattle, WA 98126",47.564406,-122.373577,7917800,605,15359,1,1.0,Apartment,2025-10-30
"3262-California-Ave-SW,-Seattle,-WA-98116","3262 California Ave SW, Seattle, WA 98116",47.573817,-122.386400,3007500,700,5602,1,1.0,Apartment,2026-02-05
"5017-Sw-Stevens-St,-Seattle,-WA-98116","5017 Sw Stevens St, Seattle, WA 98116",47.577354,-122.396295,1150000,1210,8750,3,1.0,Single Family,2025-10-15
"5137-Sw-Admiral-Way,-Seattle,-WA-98116","5137 Sw Admiral Way, Seattle, WA 98116",47.579014,-122.398976,730000,1170,7140,3,1.0,Single Family,2025-11-10
"2705-47th-Ave-SW,-Seattle,-WA-98116","2705 47th Ave SW, Seattle, WA 98116",47.579146,-122.392296,1525000,2200,3004,3,2.0,Single Family,2025-10-31
"2311-45th-Ave-SW,-Seattle,-WA-98116","2311 45th Ave SW, Seattle, WA 98116",47.582557,-122.389612,1366000,2160,6250,3,2.0,Single Family,2025-10-06
"2649-41st-Ave-SW,-Seattle,-WA-98116","2649 41st Ave SW, Seattle, WA 98116",47.579654,-122.384306,1539000,870,7735,2,1.0,Single Family,2025-11-17
"4321-Sw-Lander-St,-Seattle,-WA-98116","4321 Sw Lander St, Seattle, WA 98116",47.579145,-122.387650,1065000,1710,4055,3,1.5,Single Family,2026-01-22
"2225-California-Ave-SW,-Seattle,-WA-98116","2225 California Ave SW, Seattle, WA 98116",47.583759,-122.386584,3475000,9534,8868,3,2.0,Multi-Family,2026-01-22
"2134-Bonair-Dr-SW,-Seattle,-WA-98116","2134 Bonair Dr SW, Seattle, WA 98116",47.584601,-122.398386,1850000,2750,3822,3,2.5,Single Family,2025-10-30
"2119-Bonair-Dr-SW,-Seattle,-WA-98116","2119 Bonair Dr SW, Seattle, WA 98116",47.585039,-122.398140,1825000,2090,1438,3,2.5,Single Family,2025-10-14
"2534-57th-Ave-SW,-Seattle,-WA-98116","2534 57th Ave SW, Seattle, WA 98116",47.580209,-122.404880,1585000,2620,4520,3,2.5,Single Family,2025-10-06
"2514-57th-Ave-SW,-Apt-301,-Seattle,-WA-98116","2514 57th Ave SW, Apt 301, Seattle, WA 98116",47.580825,-122.405013,615000,942,8108,2,1.0,Condo,2025-10-31
"2737-59th-Ave-SW,-Seattle,-WA-98116","2737 59th Ave SW, Seattle, WA 98116",47.578832,-122.408429,1200000,870,4440,2,1.0,Single Family,2025-10-09
"2767-59th-Ave-SW,-Seattle,-WA-98116","2767 59th Ave SW, Seattle, WA 98116",47.578038,-122.408449,1667500,1760,4678,4,2.0,Single Family,2025-10-15
"5106-47th-Ave-SW,-Seattle,-WA-98136","5106 47th Ave SW, Seattle, WA 98136",47.556083,-122.392016,585000,1850,3876,3,1.0,Single Family,2025-11-21
"4939-Sw-Bruce-St,-Seattle,-WA-98136","4939 Sw Bruce St, Seattle, WA 98136",47.555069,-122.396773,661500,1390,7500,5,1.0,Single Family,2025-10-22
"5225-Sw-Jacobsen-Rd,-Seattle,-WA-98116","5225 Sw Jacobsen Rd, Seattle, WA 98116",47.558841,-122.399915,1750000,3260,9960,3,2.5,Single Family,2025-10-23
"4878-Beach-Dr-SW,-Seattle,-WA-98116","4878 Beach Dr SW, Seattle, WA 98116",47.557683,-122.400872,1800000,3120,6875,4,2.5,Single Family,2025-11-05
"4437-46th-Ave-SW,-Seattle,-WA-98116","4437 46th Ave SW, Seattle, WA 98116",47.563639,-122.391234,975000,1850,5650,4,1.5,Single Family,2025-10-10
"4055-42nd-Ave-SW,-Seattle,-WA-98116","4055 42nd Ave SW, Seattle, WA 98116",47.566770,-122.385856,900000,880,5750,2,1.0,Single Family,2025-10-14
"3924-Sw-Dawson-St,-Seattle,-WA-98136","3924 Sw Dawson St, Seattle, WA 98136",47.555829,-122.382059,600000,1140,777,2,1.5,Single Family,2025-10-01
"5058-38th-Ave-SW,-Seattle,-WA-98126","5058 38th Ave SW, Seattle, WA 98126",47.555765,-122.379881,950000,2200,7720,3,1.5,Single Family,2025-11-25
"5417-40th-Ave-SW,-Seattle,-WA-98136","5417 40th Ave SW, Seattle, WA 98136",47.553284,-122.383314,1049000,2500,6000,5,1.5,Single Family,2025-12-19
"5946-39th-Ave-SW,-Seattle,-WA-98136","5946 39th Ave SW, Seattle, WA 98136",47.548839,-122.381460,900000,2000,6450,3,2.0,Single Family,2025-10-23
"5956-38th-Ave-SW,-Seattle,-WA-98126","5956 38th Ave SW, Seattle, WA 98126",47.548546,-122.380036,1825000,3290,6550,4,2.5,Single Family,2025-10-31
"3253-Sw-Raymond-St,-Seattle,-WA-98126","3253 Sw Raymond St, Seattle, WA 98126",47.547747,-122.374968,650000,1570,2043,2,3.0,Single Family,2025-09-30
"6358-Delridge-Way-SW,-Seattle,-WA-98106","6358 Delridge Way SW, Seattle, WA 98106",47.544935,-122.361311,799950,1520,4620,3,2.0,Single Family,2025-09-29
"6968-24th-Ave-SW,-Seattle,-WA-98106","6968 24th Ave SW, Seattle, WA 98106",47.539663,-122.362506,950000,2410,7700,5,1.5,Single Family,2025-10-22
"3012-Sw-Holly-St,-Seattle,-WA-98126","3012 Sw Holly St, Seattle, WA 98126",47.543017,-122.371452,825000,1850,3159,4,2.5,Single Family,2025-10-20
"6348-34th-Ave-Sw-Unit-C,-Seattle,-WA-98126","6348 34th Ave Sw Unit C, Seattle, WA 98126",47.544917,-122.374588,500000,1050,1176,3,2.5,Townhouse,2025-11-13
"7344-35th-Ave-SW,-Seattle,-WA-98126","7344 35th Ave SW, Seattle, WA 98126",47.536038,-122.376183,565000,2260,4800,2,1.0,Single Family,2025-10-06
"7318-39th-Ave-SW,-Seattle,-WA-98136","7318 39th Ave SW, Seattle, WA 98136",47.536208,-122.381619,800000,1610,10148,2,1.5,Single Family,2025-10-10
"4160-Sw-Orchard-St,-Seattle,-WA-98136","4160 Sw Orchard St, Seattle, WA 98136",47.539170,-122.385883,800000,1010,5920,3,1.0,Single Family,2025-09-30
"5932-Fauntleroy-Way-SW,-Apt-4,-Seattle,-WA-98136","5932 Fauntleroy Way SW, Apt 4, Seattle, WA 98136",47.549328,-122.382641,585000,1138,6600,2,1.5,Condo,2025-10-06
"6021-45th-Ave-SW,-Seattle,-WA-98136","6021 45th Ave SW, Seattle, WA 98136",47.547883,-122.390232,743001,660,4800,1,1.0,Single Family,2025-10-08
"7060-Lincoln-Park-Way-SW,-Seattle,-WA-98136","7060 Lincoln Park Way SW, Seattle, WA 98136",47.539950,-122.394504,6297600,725,5000,1,1.0,Apartment,2025-10-06
"7704-45th-Ave-SW,-Seattle,-WA-98136","7704 45th Ave SW, Seattle, WA 98136",47.533860,-122.389986,1150000,2600,7500,3,1.5,Single Family,2025-10-01
"4308-Sw-Portland-St,-Seattle,-WA-98136","4308 Sw Portland St, Seattle, WA 98136",47.533125,-122.387908,836000,1420,5248,2,2.0,Single Family,2025-11-06
"4113-Sw-Ida-St,-Seattle,-WA-98136","4113 Sw Ida St, Seattle, WA 98136",47.534146,-122.385276,500000,550,5100,1,1.0,Single Family,2025-10-09
"3823-Sw-Holden-St,-Seattle,-WA-98126","3823 Sw Holden St, Seattle, WA 98126",47.533352,-122.381695,760000,1280,5380,3,1.5,Single Family,2025-10-24
"4115-Sw-Elmgrove-St,-Seattle,-WA-98136","4115 Sw Elmgrove St, Seattle, WA 98136",47.530504,-122.385509,1100000,1900,8461,3,2.0,Single Family,2026-01-16
"8213-37th-Ave-SW,-Seattle,-WA-98126","8213 37th Ave SW, Seattle, WA 98126",47.529386,-122.379610,880000,2000,4186,3,1.5,Single Family,2025-12-15
"3701-Sw-Southern-St,-Seattle,-WA-98126","3701 Sw Southern St, Seattle, WA 98126",47.529607,-122.379533,950000,2610,4353,5,2.5,Single Family,2025-10-31
"8222-35th-Ave-SW,-Seattle,-WA-98126","8222 35th Ave SW, Seattle, WA 98126",47.529070,-122.376210,790000,1220,4800,3,1.0,Single Family,2025-10-24
"3702-Sw-Cloverdale-St,-Seattle,-WA-98126","3702 Sw Cloverdale St, Seattle, WA 98126",47.526318,-122.379665,1200000,2180,7768,4,2.0,Single Family,2025-10-22
"3734-Sw-Tillman-St,-Seattle,-WA-98126","3734 Sw Tillman St, Seattle, WA 98126",47.527120,-122.380822,700000,1340,4961,4,1.5,Single Family,2025-10-24
"3703-Sw-Tillman-St,-Seattle,-WA-98126","3703 Sw Tillman St, Seattle, WA 98126",47.526704,-122.379552,695950,1710,5260,3,1.5,Single Family,2025-11-14
"3717-Sw-Tillman-St,-Seattle,-WA-98126","3717 Sw Tillman St, Seattle, WA 98126",47.526738,-122.380142,926000,2320,7735,4,1.0,Single Family,2025-12-24
"8841-36th-Ave-SW,-Seattle,-WA-98126","8841 36th Ave SW, Seattle, WA 98126",47.523446,-122.378414,274000,1700,6415,3,1.5,Single Family,2025-10-28
"4009-Sw-Trenton-St,-Seattle,-WA-98136","4009 Sw Trenton St, Seattle, WA 98136",47.524196,-122.383534,1350000,2620,6806,3,1.5,Single Family,2025-10-20
"4224-Sw-Donovan-St,-Seattle,-WA-98136","4224 Sw Donovan St, Seattle, WA 98136",47.525643,-122.385672,1820000,3040,7800,5,2.0,Single Family,2025-10-17
"4207A-Sw-Thistle-St,-Seattle,-WA-98136","4207A Sw Thistle St, Seattle, WA 98136",47.528344,-122.386442,820000,2044,5000,3,1.5,Condo,2025-10-03
"8309-California-Ave-SW,-Seattle,-WA-98136","8309 California Ave SW, Seattle, WA 98136",47.528989,-122.387778,1200000,2740,4320,3,2.5,Single Family,2025-10-21
"4110-Sw-Rose-St,-Seattle,-WA-98136","4110 Sw Rose St, Seattle, WA 98136",47.529421,-122.385239,1325000,2260,6339,5,1.5,Single Family,2025-10-14
"9165-45th-Ave-SW,-Apt-2,-Seattle,-WA-98136","9165 45th Ave SW, Apt 2, Seattle, WA 98136",47.521709,-122.390583,615000,1036,12348,2,2.0,Condo,2025-10-24
"4337-Sw-Trenton-St,-Seattle,-WA-98136","4337 Sw Trenton St, Seattle, WA 98136",47.524619,-122.389101,1200000,2360,4000,3,3.0,Single Family,2025-10-29
"8877-42nd-Ave-SW,-Seattle,-WA-98136","8877 42nd Ave SW, Seattle, WA 98136",47.523297,-122.387030,1500000,2800,7200,3,1.5,Single Family,2025-10-30
"9338-Forest-Ct-SW,-Seattle,-WA-98136","9338 Forest Ct SW, Seattle, WA 98136",47.518688,-122.385246,830000,1920,10730,5,2.0,Single Family,2025-10-09
"2823-Sw-Roxbury-St,-Seattle,-WA-98126","2823 Sw Roxbury St, Seattle, WA 98126",47.516748,-122.369627,5826929,1500,5000,3,2.0,,2025-10-27
"9304-32nd-Ave-SW,-Seattle,-WA-98126","9304 32nd Ave SW, Seattle, WA 98126",47.519662,-122.374106,645000,810,5200,3,1.0,Single Family,2025-10-03
"8849-35th-Ave-SW,-Seattle,-WA-98126","8849 35th Ave SW, Seattle, WA 98126",47.523084,-122.377121,2225000,550,12197,1,1.0,Apartment,2025-09-30
"9408-26th-Ave-SW,-Seattle,-WA-98106","9408 26th Ave SW, Seattle, WA 98106",47.518833,-122.365534,625000,1020,8320,4,1.0,Single Family,2025-10-27
"8628-22nd-Ave-SW,-Seattle,-WA-98106","8628 22nd Ave SW, Seattle, WA 98106",47.525696,-122.361400,975000,2150,7662,4,3.0,Single Family,2025-10-20
"9012-25th-Ave-SW,-Unit-201D,-Seattle,-WA-98106","9012 25th Ave SW, Unit 201D, Seattle, WA 98106",47.522200,-122.364360,325000,1016,81726,2,2.0,Condo,2025-10-28
"8424-25th-Ave-Sw-Unit-C,-Seattle,-WA-98106","8424 25th Ave Sw Unit C, Seattle, WA 98106",47.527501,-122.364145,425000,1014,197724,2,1.5,Condo,2025-10-15
"7936-29th-Ave-SW,-Seattle,-WA-98126","7936 29th Ave SW, Seattle, WA 98126",47.530744,-122.369511,945000,2430,7680,5,3.0,Single Family,2025-12-02
"8418-31st-Ave-SW,-Seattle,-WA-98126","8418 31st Ave SW, Seattle, WA 98126",47.527625,-122.372217,535000,1435,7562,3,2.0,Single Family,2025-10-07
"3609-Sw-Holden-St,-Seattle,-WA-98126","3609 Sw Holden St, Seattle, WA 98126",47.533169,-122.378476,825000,2180,7627,3,2.0,Single Family,2025-10-17
"7716-32nd-Ave-SW,-Seattle,-WA-98126","7716 32nd Ave SW, Seattle, WA 98126",47.533154,-122.373508,719950,2000,6150,5,2.0,Single Family,2025-11-21
"7555-32nd-Ave-Sw-Unit-B,-Seattle,-WA-98126","7555 32nd Ave Sw Unit B, Seattle, WA 98126",47.533897,-122.374299,959000,1080,1799,3,2.5,Single Family,2026-01-30
"2490-Sw-Webster-St,-Seattle,-WA-98106","2490 Sw Webster St, Seattle, WA 98106",47.535694,-122.365080,715000,1270,2509,3,2.5,Single Family,2025-10-22
"7945-Delridge-Way-SW,-Seattle,-WA-98106","7945 Delridge Way SW, Seattle, WA 98106",47.530501,-122.360808,482500,1170,5600,3,1.0,Single Family,2025-09-30
"7949-Delridge-Way-SW,-Seattle,-WA-98106","7949 Delridge Way SW, Seattle, WA 98106",47.530367,-122.360810,482500,980,5600,3,1.0,Single Family,2025-09-30
"7934-20th-Ave-SW,-Seattle,-WA-98106","7934 20th Ave SW, Seattle, WA 98106",47.530861,-122.358777,480000,760,5120,2,1.0,Single Family,2025-11-12
"7749-17th-Ave-SW,-Seattle,-WA-98106","7749 17th Ave SW, Seattle, WA 98106",47.532234,-122.356784,660000,920,5160,3,1.0,Single Family,2025-10-14
"2452-Sw-Webster-St,-Seattle,-WA-98106","2452 Sw Webster St, Seattle, WA 98106",47.536430,-122.364856,615000,1320,1957,2,2.5,Single Family,2025-10-29
"1400-Sw-Thistle-St,-Seattle,-WA-98106","1400 Sw Thistle St, Seattle, WA 98106",47.528479,-122.353168,875000,2600,8104,5,2.0,Single Family,2025-10-29
"8139-14th-Ave-SW,-Seattle,-WA-98106","8139 14th Ave SW, Seattle, WA 98106",47.528961,-122.353004,750000,2090,8480,4,1.5,Single Family,2025-10-10
"8150-13th-Ave-SW,-Seattle,-WA-98106","8150 13th Ave SW, Seattle, WA 98106",47.528682,-122.351449,517000,550,4001,2,1.0,Single Family,2025-10-16
"5033-25th-Ave-Sw-Unit-A,-Seattle,-WA-98106","5033 25th Ave Sw Unit A, Seattle, WA 98106",47.556408,-122.364765,575000,2460,4970,4,3.0,Townhouse,2025-12-30
"612-S-Lucile-St,-Seattle,-WA-98108","612 S Lucile St, Seattle, WA 98108",47.553598,-122.326205,2650000,1100,3300,3,1.0,Single Family,2025-11-21
"3932-14th-Ave-S,-Seattle,-WA-98108","3932 14th Ave S, Seattle, WA 98108",47.567997,-122.314489,540000,1240,1338,3,2.0,Single Family,2025-10-20
